Workbook

Sheet Info List
A1: STUDENT INFORMATION LIST
A2: ID | B2: NAME OF STUDENT | C2: FORM | D2: NO. ON ROLL | E2: TERM | F2: ATT. | G2: TOTAL ATT.
A3: BHS9001 | B3: ABRAKWAH EVA OWUSUAA | C3: 9 | D3: =COUNTA(B3:B31) -> 29 | E3: 1
A4: BHS9002 | B4: ADZILAFU EDWARD | C4: 9 | E4: 1
A5: BHS9003 | B5: AGYEPONG DASEBRE | C5: 9 | E5: 1
A6: BHS9004 | B6: ANIWA JOANA SEYRAM | C6: 9 | E6: 1
A7: BHS9005 | B7: ANNAN AGNES | C7: 9 | E7: 1
A8: BHS9006 | B8: ARTHUR LILLIAN ABENA | C8: 9 | E8: 1
A9: BHS9007 | B9: ASARE JACOB | C9: 9 | E9: 1
A10: BHS9008 | B10: BAAH JOSEPHINE KONADU | C10: 9 | E10: 1
A11: BHS9009 | B11: BAIDOO MIDRED | C11: 9 | E11: 1
A12: BHS9010 | B12: BOAKYE KELVIN OWUSU | C12: 9 | E12: 1
A13: BHS9011 | B13: BOATENG NICHOLAS KELVIN | C13: 9 | E13: 1
A14: BHS9012 | B14: CHARKITEY JOSEPH TETTEY EMEKOH | C14: 9 | E14: 1
A15: BHS9013 | B15: DANKWAH AMA JANEL | C15: 9 | E15: 1
... A31: BHS9029 | B31: YEVAKPOR SYLVIA EYRAM | C31: 9 | E31: 1

Sheet ENGLISH
A1: ENGLISH LANGUAGE
A2: ID | B2: NAME OF STUDENT | C2: FORM | D2: TOTAL | E2: CLASS SCORE | F2: TOTAL EXAMS SCORE | G2: EXAMS SCORE | H2: OVERALL SCORE | I2: POSITION IN SUBJECT | J2: GRADE | K2: REMARKS
D3: 1 | E3: 50% (A) | F3: 1 | G3: 50% (B) | H3: 100% (A + B)
A4: ='Info List'!A3 -> BHS9001 | B4: ='Info List'!B3 -> ABRAKWAH EVA OWUSUAA | C4: ='Info List'!C3 -> 9 | D4: 89 | E4: =0.5*D4 -> 44.5 | F4: 96 | G4: =0.5*F4 -> 48 | H4: =E4+G4 -> 92.5 | I4: =RANK(H4,$H$4:$H$32) -> 1 | J4: =IF(H4>79.5, 1, IF(H4>69.5, 2, IF(H4>59.5, 3, IF(H4>54.5, 4, IF(H4>49.5, 5, IF(H4>44.5, 6, IF(H4>39.5, 7, IF(H4>33.5, 8, IF(H4>-1, 9))))))))) -> 1 | K4: =VLOOKUP(H4,'GRADING SYSTEM'!$D$15:$F$23,3) -> EXCELLENT
A5: ='Info List'!A4 -> BHS9002 | B5: ='Info List'!B4 -> ADZILAFU EDWARD | C5: ='Info List'!C4 -> 9 | D5: 70 | E5: =0.5*D5 -> 35 | G5: =0.5*F5 -> 0 | H5: =E5+G5 -> 35 | I5: =RANK(H5,$H$4:$H$32) -> 29 | J5: =IF(H5>79.5, 1, IF(H5>69.5, 2, IF(H5>59.5, 3, IF(H5>54.5, 4, IF(H5>49.5, 5, IF(H5>44.5, 6, IF(H5>39.5, 7, IF(H5>33.5, 8, IF(H5>-1, 9))))))))) -> 8 | K5: =VLOOKUP(H5,'GRADING SYSTEM'!$D$15:$F$23,3) -> WEAK PASS
A6: ='Info List'!A5 -> BHS9003 | B6: ='Info List'!B5 -> AGYEPONG DASEBRE | C6: ='Info List'!C5 -> 9 | D6: 71 | E6: =0.5*D6 -> 35.5 | G6: 0 | H6: =E6+G6 -> 35.5 | I6: =RANK(H6,$H$4:$H$32) -> 28 | J6: =IF(H6>79.5, 1, IF(H6>69.5, 2, IF(H6>59.5, 3, IF(H6>54.5, 4, IF(H6>49.5, 5, IF(H6>44.5, 6, IF(H6>39.5, 7, IF(H6>33.5, 8, IF(H6>-1, 9))))))))) -> 8 | K6: =VLOOKUP(H6,'GRADING SYSTEM'!$D$15:$F$23,3) -> WEAK PASS
A7: ='Info List'!A6 -> BHS9004 | B7: ='Info List'!B6 -> ANIWA JOANA SEYRAM | C7: ='Info List'!C6 -> 9 | D7: 72 | E7: =0.5*D7 -> 36 | G7: =0.5*F7 -> 0 | H7: =E7+G7 -> 36 | I7: =RANK(H7,$H$4:$H$32) -> 27 | J7: =IF(H7>79.5, 1, IF(H7>69.5, 2, IF(H7>59.5, 3, IF(H7>54.5, 4, IF(H7>49.5, 5, IF(H7>44.5, 6, IF(H7>39.5, 7, IF(H7>33.5, 8, IF(H7>-1, 9))))))))) -> 8 | K7: =VLOOKUP(H7,'GRADING SYSTEM'!$D$15:$F$23,3) -> WEAK PASS
A8: ='Info List'!A7 -> BHS9005 | B8: ='Info List'!B7 -> ANNAN AGNES | C8: ='Info List'!C7 -> 9 | D8: 73 | E8: =0.5*D8 -> 36.5 | G8: =0.5*F8 -> 0 | H8: =E8+G8 -> 36.5 | I8: =RANK(H8,$H$4:$H$32) -> 26 | J8: =IF(H8>79.5, 1, IF(H8>69.5, 2, IF(H8>59.5, 3, IF(H8>54.5, 4, IF(H8>49.5, 5, IF(H8>44.5, 6, IF(H8>39.5, 7, IF(H8>33.5, 8, IF(H8>-1, 9))))))))) -> 8 | K8: =VLOOKUP(H8,'GRADING SYSTEM'!$D$15:$F$23,3) -> WEAK PASS
A9: ='Info List'!A8 -> BHS9006 | B9: ='Info List'!B8 -> ARTHUR LILLIAN ABENA | C9: ='Info List'!C8 -> 9 | D9: 74 | E9: =0.5*D9 -> 37 | G9: =0.5*F9 -> 0 | H9: =E9+G9 -> 37 | I9: =RANK(H9,$H$4:$H$32) -> 25 | J9: =IF(H9>79.5, 1, IF(H9>69.5, 2, IF(H9>59.5, 3, IF(H9>54.5, 4, IF(H9>49.5, 5, IF(H9>44.5, 6, IF(H9>39.5, 7, IF(H9>33.5, 8, IF(H9>-1, 9))))))))) -> 8 | K9: =VLOOKUP(H9,'GRADING SYSTEM'!$D$15:$F$23,3) -> WEAK PASS
A10: ='Info List'!A9 -> BHS9007 | B10: ='Info List'!B9 -> ASARE JACOB | C10: ='Info List'!C9 -> 9 | D10: 75 | E10: =0.5*D10 -> 37.5 | G10: =0.5*F10 -> 0 | H10: =E10+G10 -> 37.5 | I10: =RANK(H10,$H$4:$H$32) -> 24 | J10: =IF(H10>79.5, 1, IF(H10>69.5, 2, IF(H10>59.5, 3, IF(H10>54.5, 4, IF(H10>49.5, 5, IF(H10>44.5, 6, IF(H10>39.5, 7, IF(H10>33.5, 8, IF(H10>-1, 9))))))))) -> 8 | K10: =VLOOKUP(H10,'GRADING SYSTEM'!$D$15:$F$23,3) -> WEAK PASS
A11: ='Info List'!A10 -> BHS9008 | B11: ='Info List'!B10 -> BAAH JOSEPHINE KONADU | C11: ='Info List'!C10 -> 9 | D11: 76 | E11: =0.5*D11 -> 38 | G11: =0.5*F11 -> 0 | H11: =E11+G11 -> 38 | I11: =RANK(H11,$H$4:$H$32) -> 23 | J11: =IF(H11>79.5, 1, IF(H11>69.5, 2, IF(H11>59.5, 3, IF(H11>54.5, 4, IF(H11>49.5, 5, IF(H11>44.5, 6, IF(H11>39.5, 7, IF(H11>33.5, 8, IF(H11>-1, 9))))))))) -> 8 | K11: =VLOOKUP(H11,'GRADING SYSTEM'!$D$15:$F$23,3) -> WEAK PASS
A12: ='Info List'!A11 -> BHS9009 | B12: ='Info List'!B11 -> BAIDOO MIDRED | C12: ='Info List'!C11 -> 9 | D12: 77 | E12: =0.5*D12 -> 38.5 | G12: =0.5*F12 -> 0 | H12: =E12+G12 -> 38.5 | I12: =RANK(H12,$H$4:$H$32) -> 22 | J12: =IF(H12>79.5, 1, IF(H12>69.5, 2, IF(H12>59.5, 3, IF(H12>54.5, 4, IF(H12>49.5, 5, IF(H12>44.5, 6, IF(H12>39.5, 7, IF(H12>33.5, 8, IF(H12>-1, 9))))))))) -> 8 | K12: =VLOOKUP(H12,'GRADING SYSTEM'!$D$15:$F$23,3) -> WEAK PASS
A13: ='Info List'!A12 -> BHS9010 | B13: ='Info List'!B12 -> BOAKYE KELVIN OWUSU | C13: ='Info List'!C12 -> 9 | D13: 78 | E13: =0.5*D13 -> 39 | G13: =0.5*F13 -> 0 | H13: =E13+G13 -> 39 | I13: =RANK(H13,$H$4:$H$32) -> 21 | J13: =IF(H13>79.5, 1, IF(H13>69.5, 2, IF(H13>59.5, 3, IF(H13>54.5, 4, IF(H13>49.5, 5, IF(H13>44.5, 6, IF(H13>39.5, 7, IF(H13>33.5, 8, IF(H13>-1, 9))))))))) -> 8 | K13: =VLOOKUP(H13,'GRADING SYSTEM'!$D$15:$F$23,3) -> WEAK PASS
A14: ='Info List'!A13 -> BHS9011 | B14: ='Info List'!B13 -> BOATENG NICHOLAS KELVIN | C14: ='Info List'!C13 -> 9 | D14: 79 | E14: =0.5*D14 -> 39.5 | G14: =0.5*F14 -> 0 | H14: =E14+G14 -> 39.5 | I14: =RANK(H14,$H$4:$H$32) -> 20 | J14: =IF(H14>79.5, 1, IF(H14>69.5, 2, IF(H14>59.5, 3, IF(H14>54.5, 4, IF(H14>49.5, 5, IF(H14>44.5, 6, IF(H14>39.5, 7, IF(H14>33.5, 8, IF(H14>-1, 9))))))))) -> 8 | K14: =VLOOKUP(H14,'GRADING SYSTEM'!$D$15:$F$23,3) -> WEAK PASS
A15: ='Info List'!A14 -> BHS9012 | B15: ='Info List'!B14 -> CHARKITEY JOSEPH TETTEY EMEKOH | C15: ='Info List'!C14 -> 9 | D15: 80 | E15: =0.5*D15 -> 40 | G15: =0.5*F15 -> 0 | H15: =E15+G15 -> 40 | I15: =RANK(H15,$H$4:$H$32) -> 19 | J15: =IF(H15>79.5, 1, IF(H15>69.5, 2, IF(H15>59.5, 3, IF(H15>54.5, 4, IF(H15>49.5, 5, IF(H15>44.5, 6, IF(H15>39.5, 7, IF(H15>33.5, 8, IF(H15>-1, 9))))))))) -> 7 | K15: =VLOOKUP(H15,'GRADING SYSTEM'!$D$15:$F$23,3) -> PASS
A16: ='Info List'!A15 -> BHS9013 | B16: ='Info List'!B15 -> DANKWAH AMA JANEL | C16: ='Info List'!C15 -> 9 | D16: 81 | E16: =0.5*D16 -> 40.5 | G16: =0.5*F16 -> 0 | H16: =E16+G16 -> 40.5 | I16: =RANK(H16,$H$4:$H$32) -> 18 | J16: =IF(H16>79.5, 1, IF(H16>69.5, 2, IF(H16>59.5, 3, IF(H16>54.5, 4, IF(H16>49.5, 5, IF(H16>44.5, 6, IF(H16>39.5, 7, IF(H16>33.5, 8, IF(H16>-1, 9))))))))) -> 7 | K16: =VLOOKUP(H16,'GRADING SYSTEM'!$D$15:$F$23,3) -> PASS
A17: ='Info List'!A16 -> BHS9014 | B17: ='Info List'!B16 -> DANKWAH SHANTEL | C17: ='Info List'!C16 -> 9 | D17: 82 | E17: =0.5*D17 -> 41 | G17: =0.5*F17 -> 0 | H17: =E17+G17 -> 41 | I17: =RANK(H17,$H$4:$H$32) -> 17 | J17: =IF(H17>79.5, 1, IF(H17>69.5, 2, IF(H17>59.5, 3, IF(H17>54.5, 4, IF(H17>49.5, 5, IF(H17>44.5, 6, IF(H17>39.5, 7, IF(H17>33.5, 8, IF(H17>-1, 9))))))))) -> 7 | K17: =VLOOKUP(H17,'GRADING SYSTEM'!$D$15:$F$23,3) -> PASS
A18: ='Info List'!A17 -> BHS9015 | B18: ='Info List'!B17 -> ESSILFIE ENOCH | C18: ='Info List'!C17 -> 9 | D18: 83 | E18: =0.5*D18 -> 41.5 | G18: =0.5*F18 -> 0 | H18: =E18+G18 -> 41.5 | I18: =RANK(H18,$H$4:$H$32) -> 16 | J18: =IF(H18>79.5, 1, IF(H18>69.5, 2, IF(H18>59.5, 3, IF(H18>54.5, 4, IF(H18>49.5, 5, IF(H18>44.5, 6, IF(H18>39.5, 7, IF(H18>33.5, 8, IF(H18>-1, 9))))))))) -> 7 | K18: =VLOOKUP(H18,'GRADING SYSTEM'!$D$15:$F$23,3) -> PASS
... A32: ='Info List'!A31 -> BHS9029 | B32: ='Info List'!B31 -> YEVAKPOR SYLVIA EYRAM | C32: ='Info List'!C31 -> 9 | D32: 97 | E32: =0.5*D32 -> 48.5 | G32: =0.5*F32 -> 0 | H32: =E32+G32 -> 48.5 | I32: =RANK(H32,$H$4:$H$32) -> 2 | J32: =IF(H32>79.5, 1, IF(H32>69.5, 2, IF(H32>59.5, 3, IF(H32>54.5, 4, IF(H32>49.5, 5, IF(H32>44.5, 6, IF(H32>39.5, 7, IF(H32>33.5, 8, IF(H32>-1, 9))))))))) -> 6 | K32: =VLOOKUP(H32,'GRADING SYSTEM'!$D$15:$F$23,3) -> LOW AVERAGE

Sheet MATHS
A1: MATHEMATICS
A2: ID | B2: NAME OF STUDENT | C2: FORM | D2: TOTAL | E2: CLASS SCORE | F2: TOTAL EXAMS SCORE | G2: EXAMS SCORE | H2: OVERALL SCORE | I2: POSITION IN SUBJECT | J2: GRADE | K2: REMARKS
D3: 1 | E3: 50% (A) | F3: 1 | G3: 50% (B) | H3: 100% (A + B)
A4: ='Info List'!A3 -> BHS9001 | B4: ='Info List'!B3 -> ABRAKWAH EVA OWUSUAA | C4: ='Info List'!C3 -> 9 | D4: 78 | E4: =0.5*D4 -> 39 | F4: 85 | G4: =0.5*F4 -> 42.5 | H4: =E4+G4 -> 81.5 | I4: =RANK(H4,$H$4:$H$32) -> 1 | J4: =IF(H4>79.5, 1, IF(H4>69.5, 2, IF(H4>59.5, 3, IF(H4>54.5, 4, IF(H4>49.5, 5, IF(H4>44.5, 6, IF(H4>39.5, 7, IF(H4>33.5, 8, IF(H4>-1, 9))))))))) -> 1 | K4: =VLOOKUP(H4,'GRADING SYSTEM'!$D$15:$F$23,3) -> EXCELLENT
A5: ='Info List'!A4 -> BHS9002 | B5: ='Info List'!B4 -> ADZILAFU EDWARD | C5: ='Info List'!C4 -> 9 | D5: 70 | E5: =0.5*D5 -> 35 | G5: =0.5*F5 -> 0 | H5: =E5+G5 -> 35 | I5: =RANK(H5,$H$4:$H$32) -> 29 | J5: =IF(H5>79.5, 1, IF(H5>69.5, 2, IF(H5>59.5, 3, IF(H5>54.5, 4, IF(H5>49.5, 5, IF(H5>44.5, 6, IF(H5>39.5, 7, IF(H5>33.5, 8, IF(H5>-1, 9))))))))) -> 8 | K5: =VLOOKUP(H5,'GRADING SYSTEM'!$D$15:$F$23,3) -> WEAK PASS
A6: ='Info List'!A5 -> BHS9003 | B6: ='Info List'!B5 -> AGYEPONG DASEBRE | C6: ='Info List'!C5 -> 9 | D6: 71 | E6: =0.5*D6 -> 35.5 | G6: =0.5*F6 -> 0 | H6: =E6+G6 -> 35.5 | I6: =RANK(H6,$H$4:$H$32) -> 28 | J6: =IF(H6>79.5, 1, IF(H6>69.5, 2, IF(H6>59.5, 3, IF(H6>54.5, 4, IF(H6>49.5, 5, IF(H6>44.5, 6, IF(H6>39.5, 7, IF(H6>33.5, 8, IF(H6>-1, 9))))))))) -> 8 | K6: =VLOOKUP(H6,'GRADING SYSTEM'!$D$15:$F$23,3) -> WEAK PASS
A7: ='Info List'!A6 -> BHS9004 | B7: ='Info List'!B6 -> ANIWA JOANA SEYRAM | C7: ='Info List'!C6 -> 9 | D7: 72 | E7: =0.5*D7 -> 36 | G7: =0.5*F7 -> 0 | H7: =E7+G7 -> 36 | I7: =RANK(H7,$H$4:$H$32) -> 27 | J7: =IF(H7>79.5, 1, IF(H7>69.5, 2, IF(H7>59.5, 3, IF(H7>54.5, 4, IF(H7>49.5, 5, IF(H7>44.5, 6, IF(H7>39.5, 7, IF(H7>33.5, 8, IF(H7>-1, 9))))))))) -> 8 | K7: =VLOOKUP(H7,'GRADING SYSTEM'!$D$15:$F$23,3) -> WEAK PASS
A8: ='Info List'!A7 -> BHS9005 | B8: ='Info List'!B7 -> ANNAN AGNES | C8: ='Info List'!C7 -> 9 | D8: 73 | E8: =0.5*D8 -> 36.5 | G8: =0.5*F8 -> 0 | H8: =E8+G8 -> 36.5 | I8: =RANK(H8,$H$4:$H$32) -> 26 | J8: =IF(H8>79.5, 1, IF(H8>69.5, 2, IF(H8>59.5, 3, IF(H8>54.5, 4, IF(H8>49.5, 5, IF(H8>44.5, 6, IF(H8>39.5, 7, IF(H8>33.5, 8, IF(H8>-1, 9))))))))) -> 8 | K8: =VLOOKUP(H8,'GRADING SYSTEM'!$D$15:$F$23,3) -> WEAK PASS
A9: ='Info List'!A8 -> BHS9006 | B9: ='Info List'!B8 -> ARTHUR LILLIAN ABENA | C9: ='Info List'!C8 -> 9 | D9: 74 | E9: =0.5*D9 -> 37 | G9: =0.5*F9 -> 0 | H9: =E9+G9 -> 37 | I9: =RANK(H9,$H$4:$H$32) -> 25 | J9: =IF(H9>79.5, 1, IF(H9>69.5, 2, IF(H9>59.5, 3, IF(H9>54.5, 4, IF(H9>49.5, 5, IF(H9>44.5, 6, IF(H9>39.5, 7, IF(H9>33.5, 8, IF(H9>-1, 9))))))))) -> 8 | K9: =VLOOKUP(H9,'GRADING SYSTEM'!$D$15:$F$23,3) -> WEAK PASS
A10: ='Info List'!A9 -> BHS9007 | B10: ='Info List'!B9 -> ASARE JACOB | C10: ='Info List'!C9 -> 9 | D10: 75 | E10: =0.5*D10 -> 37.5 | G10: =0.5*F10 -> 0 | H10: =E10+G10 -> 37.5 | I10: =RANK(H10,$H$4:$H$32) -> 24 | J10: =IF(H10>79.5, 1, IF(H10>69.5, 2, IF(H10>59.5, 3, IF(H10>54.5, 4, IF(H10>49.5, 5, IF(H10>44.5, 6, IF(H10>39.5, 7, IF(H10>33.5, 8, IF(H10>-1, 9))))))))) -> 8 | K10: =VLOOKUP(H10,'GRADING SYSTEM'!$D$15:$F$23,3) -> WEAK PASS
A11: ='Info List'!A10 -> BHS9008 | B11: ='Info List'!B10 -> BAAH JOSEPHINE KONADU | C11: ='Info List'!C10 -> 9 | D11: 76 | E11: =0.5*D11 -> 38 | G11: =0.5*F11 -> 0 | H11: =E11+G11 -> 38 | I11: =RANK(H11,$H$4:$H$32) -> 23 | J11: =IF(H11>79.5, 1, IF(H11>69.5, 2, IF(H11>59.5, 3, IF(H11>54.5, 4, IF(H11>49.5, 5, IF(H11>44.5, 6, IF(H11>39.5, 7, IF(H11>33.5, 8, IF(H11>-1, 9))))))))) -> 8 | K11: =VLOOKUP(H11,'GRADING SYSTEM'!$D$15:$F$23,3) -> WEAK PASS
A12: ='Info List'!A11 -> BHS9009 | B12: ='Info List'!B11 -> BAIDOO MIDRED | C12: ='Info List'!C11 -> 9 | D12: 77 | E12: =0.5*D12 -> 38.5 | G12: =0.5*F12 -> 0 | H12: =E12+G12 -> 38.5 | I12: =RANK(H12,$H$4:$H$32) -> 22 | J12: =IF(H12>79.5, 1, IF(H12>69.5, 2, IF(H12>59.5, 3, IF(H12>54.5, 4, IF(H12>49.5, 5, IF(H12>44.5, 6, IF(H12>39.5, 7, IF(H12>33.5, 8, IF(H12>-1, 9))))))))) -> 8 | K12: =VLOOKUP(H12,'GRADING SYSTEM'!$D$15:$F$23,3) -> WEAK PASS
A13: ='Info List'!A12 -> BHS9010 | B13: ='Info List'!B12 -> BOAKYE KELVIN OWUSU | C13: ='Info List'!C12 -> 9 | D13: 78 | E13: =0.5*D13 -> 39 | G13: =0.5*F13 -> 0 | H13: =E13+G13 -> 39 | I13: =RANK(H13,$H$4:$H$32) -> 21 | J13: =IF(H13>79.5, 1, IF(H13>69.5, 2, IF(H13>59.5, 3, IF(H13>54.5, 4, IF(H13>49.5, 5, IF(H13>44.5, 6, IF(H13>39.5, 7, IF(H13>33.5, 8, IF(H13>-1, 9))))))))) -> 8 | K13: =VLOOKUP(H13,'GRADING SYSTEM'!$D$15:$F$23,3) -> WEAK PASS
A14: ='Info List'!A13 -> BHS9011 | B14: ='Info List'!B13 -> BOATENG NICHOLAS KELVIN | C14: ='Info List'!C13 -> 9 | D14: 79 | E14: =0.5*D14 -> 39.5 | G14: =0.5*F14 -> 0 | H14: =E14+G14 -> 39.5 | I14: =RANK(H14,$H$4:$H$32) -> 20 | J14: =IF(H14>79.5, 1, IF(H14>69.5, 2, IF(H14>59.5, 3, IF(H14>54.5, 4, IF(H14>49.5, 5, IF(H14>44.5, 6, IF(H14>39.5, 7, IF(H14>33.5, 8, IF(H14>-1, 9))))))))) -> 8 | K14: =VLOOKUP(H14,'GRADING SYSTEM'!$D$15:$F$23,3) -> WEAK PASS
A15: ='Info List'!A14 -> BHS9012 | B15: ='Info List'!B14 -> CHARKITEY JOSEPH TETTEY EMEKOH | C15: ='Info List'!C14 -> 9 | D15: 80 | E15: =0.5*D15 -> 40 | G15: =0.5*F15 -> 0 | H15: =E15+G15 -> 40 | I15: =RANK(H15,$H$4:$H$32) -> 19 | J15: =IF(H15>79.5, 1, IF(H15>69.5, 2, IF(H15>59.5, 3, IF(H15>54.5, 4, IF(H15>49.5, 5, IF(H15>44.5, 6, IF(H15>39.5, 7, IF(H15>33.5, 8, IF(H15>-1, 9))))))))) -> 7 | K15: =VLOOKUP(H15,'GRADING SYSTEM'!$D$15:$F$23,3) -> PASS
A16: ='Info List'!A15 -> BHS9013 | B16: ='Info List'!B15 -> DANKWAH AMA JANEL | C16: ='Info List'!C15 -> 9 | D16: 81 | E16: =0.5*D16 -> 40.5 | G16: =0.5*F16 -> 0 | H16: =E16+G16 -> 40.5 | I16: =RANK(H16,$H$4:$H$32) -> 18 | J16: =IF(H16>79.5, 1, IF(H16>69.5, 2, IF(H16>59.5, 3, IF(H16>54.5, 4, IF(H16>49.5, 5, IF(H16>44.5, 6, IF(H16>39.5, 7, IF(H16>33.5, 8, IF(H16>-1, 9))))))))) -> 7 | K16: =VLOOKUP(H16,'GRADING SYSTEM'!$D$15:$F$23,3) -> PASS
... A32: ='Info List'!A31 -> BHS9029 | B32: ='Info List'!B31 -> YEVAKPOR SYLVIA EYRAM | C32: ='Info List'!C31 -> 9 | D32: 97 | E32: =0.5*D32 -> 48.5 | G32: =0.5*F32 -> 0 | H32: =E32+G32 -> 48.5 | I32: =RANK(H32,$H$4:$H$32) -> 2 | J32: =IF(H32>79.5, 1, IF(H32>69.5, 2, IF(H32>59.5, 3, IF(H32>54.5, 4, IF(H32>49.5, 5, IF(H32>44.5, 6, IF(H32>39.5, 7, IF(H32>33.5, 8, IF(H32>-1, 9))))))))) -> 6 | K32: =VLOOKUP(H32,'GRADING SYSTEM'!$D$15:$F$23,3) -> LOW AVERAGE

Sheet SCIENCE
A1: SCIENCE
A2: ID | B2: NAME OF STUDENT | C2: FORM | D2: TOTAL | E2: CLASS SCORE | F2: TOTAL EXAMS SCORE | G2: EXAMS SCORE | H2: OVERALL SCORE | I2: POSITION IN SUBJECT | J2: GRADE | K2: REMARKS
D3: 1 | E3: 50% (A) | F3: 1 | G3: 50% (B) | H3: 100% (A + B)
A4: ='Info List'!A3 -> BHS9001 | B4: ='Info List'!B3 -> ABRAKWAH EVA OWUSUAA | C4: ='Info List'!C3 -> 9 | D4: 80 | E4: =0.5*D4 -> 40 | F4: 90 | G4: =0.5*F4 -> 45 | H4: =E4+G4 -> 85 | I4: =RANK(H4,$H$4:$H$32) -> 1 | J4: =IF(H4>79.5, 1, IF(H4>69.5, 2, IF(H4>59.5, 3, IF(H4>54.5, 4, IF(H4>49.5, 5, IF(H4>44.5, 6, IF(H4>39.5, 7, IF(H4>33.5, 8, IF(H4>-1, 9))))))))) -> 1 | K4: =VLOOKUP(H4,'GRADING SYSTEM'!$D$15:$F$23,3) -> EXCELLENT
A5: ='Info List'!A4 -> BHS9002 | B5: ='Info List'!B4 -> ADZILAFU EDWARD | C5: ='Info List'!C4 -> 9 | D5: 70 | E5: =0.5*D5 -> 35 | G5: =0.5*F5 -> 0 | H5: =E5+G5 -> 35 | I5: =RANK(H5,$H$4:$H$32) -> 29 | J5: =IF(H5>79.5, 1, IF(H5>69.5, 2, IF(H5>59.5, 3, IF(H5>54.5, 4, IF(H5>49.5, 5, IF(H5>44.5, 6, IF(H5>39.5, 7, IF(H5>33.5, 8, IF(H5>-1, 9))))))))) -> 8 | K5: =VLOOKUP(H5,'GRADING SYSTEM'!$D$15:$F$23,3) -> WEAK PASS
A6: ='Info List'!A5 -> BHS9003 | B6: ='Info List'!B5 -> AGYEPONG DASEBRE | C6: ='Info List'!C5 -> 9 | D6: 71 | E6: =0.5*D6 -> 35.5 | G6: =0.5*F6 -> 0 | H6: =E6+G6 -> 35.5 | I6: =RANK(H6,$H$4:$H$32) -> 28 | J6: =IF(H6>79.5, 1, IF(H6>69.5, 2, IF(H6>59.5, 3, IF(H6>54.5, 4, IF(H6>49.5, 5, IF(H6>44.5, 6, IF(H6>39.5, 7, IF(H6>33.5, 8, IF(H6>-1, 9))))))))) -> 8 | K6: =VLOOKUP(H6,'GRADING SYSTEM'!$D$15:$F$23,3) -> WEAK PASS
A7: ='Info List'!A6 -> BHS9004 | B7: ='Info List'!B6 -> ANIWA JOANA SEYRAM | C7: ='Info List'!C6 -> 9 | D7: 72 | E7: =0.5*D7 -> 36 | G7: =0.5*F7 -> 0 | H7: =E7+G7 -> 36 | I7: =RANK(H7,$H$4:$H$32) -> 27 | J7: =IF(H7>79.5, 1, IF(H7>69.5, 2, IF(H7>59.5, 3, IF(H7>54.5, 4, IF(H7>49.5, 5, IF(H7>44.5, 6, IF(H7>39.5, 7, IF(H7>33.5, 8, IF(H7>-1, 9))))))))) -> 8 | K7: =VLOOKUP(H7,'GRADING SYSTEM'!$D$15:$F$23,3) -> WEAK PASS
A8: ='Info List'!A7 -> BHS9005 | B8: ='Info List'!B7 -> ANNAN AGNES | C8: ='Info List'!C7 -> 9 | D8: 73 | E8: =0.5*D8 -> 36.5 | G8: =0.5*F8 -> 0 | H8: =E8+G8 -> 36.5 | I8: =RANK(H8,$H$4:$H$32) -> 26 | J8: =IF(H8>79.5, 1, IF(H8>69.5, 2, IF(H8>59.5, 3, IF(H8>54.5, 4, IF(H8>49.5, 5, IF(H8>44.5, 6, IF(H8>39.5, 7, IF(H8>33.5, 8, IF(H8>-1, 9))))))))) -> 8 | K8: =VLOOKUP(H8,'GRADING SYSTEM'!$D$15:$F$23,3) -> WEAK PASS
A9: ='Info List'!A8 -> BHS9006 | B9: ='Info List'!B8 -> ARTHUR LILLIAN ABENA | C9: ='Info List'!C8 -> 9 | D9: 74 | E9: =0.5*D9 -> 37 | G9: =0.5*F9 -> 0 | H9: =E9+G9 -> 37 | I9: =RANK(H9,$H$4:$H$32) -> 25 | J9: =IF(H9>79.5, 1, IF(H9>69.5, 2, IF(H9>59.5, 3, IF(H9>54.5, 4, IF(H9>49.5, 5, IF(H9>44.5, 6, IF(H9>39.5, 7, IF(H9>33.5, 8, IF(H9>-1, 9))))))))) -> 8 | K9: =VLOOKUP(H9,'GRADING SYSTEM'!$D$15:$F$23,3) -> WEAK PASS
A10: ='Info List'!A9 -> BHS9007 | B10: ='Info List'!B9 -> ASARE JACOB | C10: ='Info List'!C9 -> 9 | D10: 75 | E10: =0.5*D10 -> 37.5 | G10: =0.5*F10 -> 0 | H10: =E10+G10 -> 37.5 | I10: =RANK(H10,$H$4:$H$32) -> 24 | J10: =IF(H10>79.5, 1, IF(H10>69.5, 2, IF(H10>59.5, 3, IF(H10>54.5, 4, IF(H10>49.5, 5, IF(H10>44.5, 6, IF(H10>39.5, 7, IF(H10>33.5, 8, IF(H10>-1, 9))))))))) -> 8 | K10: =VLOOKUP(H10,'GRADING SYSTEM'!$D$15:$F$23,3) -> WEAK PASS
A11: ='Info List'!A10 -> BHS9008 | B11: ='Info List'!B10 -> BAAH JOSEPHINE KONADU | C11: ='Info List'!C10 -> 9 | D11: 76 | E11: =0.5*D11 -> 38 | G11: =0.5*F11 -> 0 | H11: =E11+G11 -> 38 | I11: =RANK(H11,$H$4:$H$32) -> 23 | J11: =IF(H11>79.5, 1, IF(H11>69.5, 2, IF(H11>59.5, 3, IF(H11>54.5, 4, IF(H11>49.5, 5, IF(H11>44.5, 6, IF(H11>39.5, 7, IF(H11>33.5, 8, IF(H11>-1, 9))))))))) -> 8 | K11: =VLOOKUP(H11,'GRADING SYSTEM'!$D$15:$F$23,3) -> WEAK PASS
A12: ='Info List'!A11 -> BHS9009 | B12: ='Info List'!B11 -> BAIDOO MIDRED | C12: ='Info List'!C11 -> 9 | D12: 77 | E12: =0.5*D12 -> 38.5 | G12: =0.5*F12 -> 0 | H12: =E12+G12 -> 38.5 | I12: =RANK(H12,$H$4:$H$32) -> 22 | J12: =IF(H12>79.5, 1, IF(H12>69.5, 2, IF(H12>59.5, 3, IF(H12>54.5, 4, IF(H12>49.5, 5, IF(H12>44.5, 6, IF(H12>39.5, 7, IF(H12>33.5, 8, IF(H12>-1, 9))))))))) -> 8 | K12: =VLOOKUP(H12,'GRADING SYSTEM'!$D$15:$F$23,3) -> WEAK PASS
A13: ='Info List'!A12 -> BHS9010 | B13: ='Info List'!B12 -> BOAKYE KELVIN OWUSU | C13: ='Info List'!C12 -> 9 | D13: 78 | E13: =0.5*D13 -> 39 | G13: =0.5*F13 -> 0 | H13: =E13+G13 -> 39 | I13: =RANK(H13,$H$4:$H$32) -> 21 | J13: =IF(H13>79.5, 1, IF(H13>69.5, 2, IF(H13>59.5, 3, IF(H13>54.5, 4, IF(H13>49.5, 5, IF(H13>44.5, 6, IF(H13>39.5, 7, IF(H13>33.5, 8, IF(H13>-1, 9))))))))) -> 8 | K13: =VLOOKUP(H13,'GRADING SYSTEM'!$D$15:$F$23,3) -> WEAK PASS
A14: ='Info List'!A13 -> BHS9011 | B14: ='Info List'!B13 -> BOATENG NICHOLAS KELVIN | C14: ='Info List'!C13 -> 9 | D14: 79 | E14: =0.5*D14 -> 39.5 | G14: =0.5*F14 -> 0 | H14: =E14+G14 -> 39.5 | I14: =RANK(H14,$H$4:$H$32) -> 20 | J14: =IF(H14>79.5, 1, IF(H14>69.5, 2, IF(H14>59.5, 3, IF(H14>54.5, 4, IF(H14>49.5, 5, IF(H14>44.5, 6, IF(H14>39.5, 7, IF(H14>33.5, 8, IF(H14>-1, 9))))))))) -> 8 | K14: =VLOOKUP(H14,'GRADING SYSTEM'!$D$15:$F$23,3) -> WEAK PASS
A15: ='Info List'!A14 -> BHS9012 | B15: ='Info List'!B14 -> CHARKITEY JOSEPH TETTEY EMEKOH | C15: ='Info List'!C14 -> 9 | D15: 80 | E15: =0.5*D15 -> 40 | G15: =0.5*F15 -> 0 | H15: =E15+G15 -> 40 | I15: =RANK(H15,$H$4:$H$32) -> 19 | J15: =IF(H15>79.5, 1, IF(H15>69.5, 2, IF(H15>59.5, 3, IF(H15>54.5, 4, IF(H15>49.5, 5, IF(H15>44.5, 6, IF(H15>39.5, 7, IF(H15>33.5, 8, IF(H15>-1, 9))))))))) -> 7 | K15: =VLOOKUP(H15,'GRADING SYSTEM'!$D$15:$F$23,3) -> PASS
A16: ='Info List'!A15 -> BHS9013 | B16: ='Info List'!B15 -> DANKWAH AMA JANEL | C16: ='Info List'!C15 -> 9 | D16: 81 | E16: =0.5*D16 -> 40.5 | G16: =0.5*F16 -> 0 | H16: =E16+G16 -> 40.5 | I16: =RANK(H16,$H$4:$H$32) -> 18 | J16: =IF(H16>79.5, 1, IF(H16>69.5, 2, IF(H16>59.5, 3, IF(H16>54.5, 4, IF(H16>49.5, 5, IF(H16>44.5, 6, IF(H16>39.5, 7, IF(H16>33.5, 8, IF(H16>-1, 9))))))))) -> 7 | K16: =VLOOKUP(H16,'GRADING SYSTEM'!$D$15:$F$23,3) -> PASS
... A32: ='Info List'!A31 -> BHS9029 | B32: ='Info List'!B31 -> YEVAKPOR SYLVIA EYRAM | C32: ='Info List'!C31 -> 9 | D32: 97 | E32: =0.5*D32 -> 48.5 | G32: =0.5*F32 -> 0 | H32: =E32+G32 -> 48.5 | I32: =RANK(H32,$H$4:$H$32) -> 2 | J32: =IF(H32>79.5, 1, IF(H32>69.5, 2, IF(H32>59.5, 3, IF(H32>54.5, 4, IF(H32>49.5, 5, IF(H32>44.5, 6, IF(H32>39.5, 7, IF(H32>33.5, 8, IF(H32>-1, 9))))))))) -> 6 | K32: =VLOOKUP(H32,'GRADING SYSTEM'!$D$15:$F$23,3) -> LOW AVERAGE

Sheet SOCIAL
A1: SOCIAL STUDIES
A2: ID | B2: NAME OF STUDENT | C2: FORM | D2: TOTAL | E2: CLASS SCORE | F2: TOTAL EXAMS SCORE | G2: EXAMS SCORE | H2: OVERALL SCORE | I2: POSITION IN SUBJECT | J2: GRADE | K2: REMARKS
D3: 1 | E3: 50% (A) | F3: 1 | G3: 50% (B) | H3: 100% (A + B)
A4: ='Info List'!A3 -> BHS9001 | B4: ='Info List'!B3 -> ABRAKWAH EVA OWUSUAA | C4: ='Info List'!C3 -> 9 | D4: 86 | E4: =0.5*D4 -> 43 | F4: 81 | G4: =0.5*F4 -> 40.5 | H4: =E4+G4 -> 83.5 | I4: =RANK(H4,$H$4:$H$32) -> 1 | J4: =IF(H4>79.5, 1, IF(H4>69.5, 2, IF(H4>59.5, 3, IF(H4>54.5, 4, IF(H4>49.5, 5, IF(H4>44.5, 6, IF(H4>39.5, 7, IF(H4>33.5, 8, IF(H4>-1, 9))))))))) -> 1 | K4: =VLOOKUP(H4,'GRADING SYSTEM'!$D$15:$F$23,3) -> EXCELLENT
A5: ='Info List'!A4 -> BHS9002 | B5: ='Info List'!B4 -> ADZILAFU EDWARD | C5: ='Info List'!C4 -> 9 | D5: 70 | E5: =0.5*D5 -> 35 | G5: =0.5*F5 -> 0 | H5: =E5+G5 -> 35 | I5: =RANK(H5,$H$4:$H$32) -> 29 | J5: =IF(H5>79.5, 1, IF(H5>69.5, 2, IF(H5>59.5, 3, IF(H5>54.5, 4, IF(H5>49.5, 5, IF(H5>44.5, 6, IF(H5>39.5, 7, IF(H5>33.5, 8, IF(H5>-1, 9))))))))) -> 8 | K5: =VLOOKUP(H5,'GRADING SYSTEM'!$D$15:$F$23,3) -> WEAK PASS
A6: ='Info List'!A5 -> BHS9003 | B6: ='Info List'!B5 -> AGYEPONG DASEBRE | C6: ='Info List'!C5 -> 9 | D6: 71 | E6: =0.5*D6 -> 35.5 | G6: =0.5*F6 -> 0 | H6: =E6+G6 -> 35.5 | I6: =RANK(H6,$H$4:$H$32) -> 28 | J6: =IF(H6>79.5, 1, IF(H6>69.5, 2, IF(H6>59.5, 3, IF(H6>54.5, 4, IF(H6>49.5, 5, IF(H6>44.5, 6, IF(H6>39.5, 7, IF(H6>33.5, 8, IF(H6>-1, 9))))))))) -> 8 | K6: =VLOOKUP(H6,'GRADING SYSTEM'!$D$15:$F$23,3) -> WEAK PASS
A7: ='Info List'!A6 -> BHS9004 | B7: ='Info List'!B6 -> ANIWA JOANA SEYRAM | C7: ='Info List'!C6 -> 9 | D7: 72 | E7: =0.5*D7 -> 36 | G7: =0.5*F7 -> 0 | H7: =E7+G7 -> 36 | I7: =RANK(H7,$H$4:$H$32) -> 27 | J7: =IF(H7>79.5, 1, IF(H7>69.5, 2, IF(H7>59.5, 3, IF(H7>54.5, 4, IF(H7>49.5, 5, IF(H7>44.5, 6, IF(H7>39.5, 7, IF(H7>33.5, 8, IF(H7>-1, 9))))))))) -> 8 | K7: =VLOOKUP(H7,'GRADING SYSTEM'!$D$15:$F$23,3) -> WEAK PASS
A8: ='Info List'!A7 -> BHS9005 | B8: ='Info List'!B7 -> ANNAN AGNES | C8: ='Info List'!C7 -> 9 | D8: 73 | E8: =0.5*D8 -> 36.5 | G8: =0.5*F8 -> 0 | H8: =E8+G8 -> 36.5 | I8: =RANK(H8,$H$4:$H$32) -> 26 | J8: =IF(H8>79.5, 1, IF(H8>69.5, 2, IF(H8>59.5, 3, IF(H8>54.5, 4, IF(H8>49.5, 5, IF(H8>44.5, 6, IF(H8>39.5, 7, IF(H8>33.5, 8, IF(H8>-1, 9))))))))) -> 8 | K8: =VLOOKUP(H8,'GRADING SYSTEM'!$D$15:$F$23,3) -> WEAK PASS
A9: ='Info List'!A8 -> BHS9006 | B9: ='Info List'!B8 -> ARTHUR LILLIAN ABENA | C9: ='Info List'!C8 -> 9 | D9: 74 | E9: =0.5*D9 -> 37 | G9: =0.5*F9 -> 0 | H9: =E9+G9 -> 37 | I9: =RANK(H9,$H$4:$H$32) -> 25 | J9: =IF(H9>79.5, 1, IF(H9>69.5, 2, IF(H9>59.5, 3, IF(H9>54.5, 4, IF(H9>49.5, 5, IF(H9>44.5, 6, IF(H9>39.5, 7, IF(H9>33.5, 8, IF(H9>-1, 9))))))))) -> 8 | K9: =VLOOKUP(H9,'GRADING SYSTEM'!$D$15:$F$23,3) -> WEAK PASS
A10: ='Info List'!A9 -> BHS9007 | B10: ='Info List'!B9 -> ASARE JACOB | C10: ='Info List'!C9 -> 9 | D10: 75 | E10: =0.5*D10 -> 37.5 | G10: =0.5*F10 -> 0 | H10: =E10+G10 -> 37.5 | I10: =RANK(H10,$H$4:$H$32) -> 24 | J10: =IF(H10>79.5, 1, IF(H10>69.5, 2, IF(H10>59.5, 3, IF(H10>54.5, 4, IF(H10>49.5, 5, IF(H10>44.5, 6, IF(H10>39.5, 7, IF(H10>33.5, 8, IF(H10>-1, 9))))))))) -> 8 | K10: =VLOOKUP(H10,'GRADING SYSTEM'!$D$15:$F$23,3) -> WEAK PASS
A11: ='Info List'!A10 -> BHS9008 | B11: ='Info List'!B10 -> BAAH JOSEPHINE KONADU | C11: ='Info List'!C10 -> 9 | D11: 76 | E11: =0.5*D11 -> 38 | G11: =0.5*F11 -> 0 | H11: =E11+G11 -> 38 | I11: =RANK(H11,$H$4:$H$32) -> 23 | J11: =IF(H11>79.5, 1, IF(H11>69.5, 2, IF(H11>59.5, 3, IF(H11>54.5, 4, IF(H11>49.5, 5, IF(H11>44.5, 6, IF(H11>39.5, 7, IF(H11>33.5, 8, IF(H11>-1, 9))))))))) -> 8 | K11: =VLOOKUP(H11,'GRADING SYSTEM'!$D$15:$F$23,3) -> WEAK PASS
A12: ='Info List'!A11 -> BHS9009 | B12: ='Info List'!B11 -> BAIDOO MIDRED | C12: ='Info List'!C11 -> 9 | D12: 77 | E12: =0.5*D12 -> 38.5 | G12: =0.5*F12 -> 0 | H12: =E12+G12 -> 38.5 | I12: =RANK(H12,$H$4:$H$32) -> 22 | J12: =IF(H12>79.5, 1, IF(H12>69.5, 2, IF(H12>59.5, 3, IF(H12>54.5, 4, IF(H12>49.5, 5, IF(H12>44.5, 6, IF(H12>39.5, 7, IF(H12>33.5, 8, IF(H12>-1, 9))))))))) -> 8 | K12: =VLOOKUP(H12,'GRADING SYSTEM'!$D$15:$F$23,3) -> WEAK PASS
A13: ='Info List'!A12 -> BHS9010 | B13: ='Info List'!B12 -> BOAKYE KELVIN OWUSU | C13: ='Info List'!C12 -> 9 | D13: 78 | E13: =0.5*D13 -> 39 | G13: =0.5*F13 -> 0 | H13: =E13+G13 -> 39 | I13: =RANK(H13,$H$4:$H$32) -> 21 | J13: =IF(H13>79.5, 1, IF(H13>69.5, 2, IF(H13>59.5, 3, IF(H13>54.5, 4, IF(H13>49.5, 5, IF(H13>44.5, 6, IF(H13>39.5, 7, IF(H13>33.5, 8, IF(H13>-1, 9))))))))) -> 8 | K13: =VLOOKUP(H13,'GRADING SYSTEM'!$D$15:$F$23,3) -> WEAK PASS
A14: ='Info List'!A13 -> BHS9011 | B14: ='Info List'!B13 -> BOATENG NICHOLAS KELVIN | C14: ='Info List'!C13 -> 9 | D14: 79 | E14: =0.5*D14 -> 39.5 | G14: =0.5*F14 -> 0 | H14: =E14+G14 -> 39.5 | I14: =RANK(H14,$H$4:$H$32) -> 20 | J14: =IF(H14>79.5, 1, IF(H14>69.5, 2, IF(H14>59.5, 3, IF(H14>54.5, 4, IF(H14>49.5, 5, IF(H14>44.5, 6, IF(H14>39.5, 7, IF(H14>33.5, 8, IF(H14>-1, 9))))))))) -> 8 | K14: =VLOOKUP(H14,'GRADING SYSTEM'!$D$15:$F$23,3) -> WEAK PASS
A15: ='Info List'!A14 -> BHS9012 | B15: ='Info List'!B14 -> CHARKITEY JOSEPH TETTEY EMEKOH | C15: ='Info List'!C14 -> 9 | D15: 80 | E15: =0.5*D15 -> 40 | G15: =0.5*F15 -> 0 | H15: =E15+G15 -> 40 | I15: =RANK(H15,$H$4:$H$32) -> 19 | J15: =IF(H15>79.5, 1, IF(H15>69.5, 2, IF(H15>59.5, 3, IF(H15>54.5, 4, IF(H15>49.5, 5, IF(H15>44.5, 6, IF(H15>39.5, 7, IF(H15>33.5, 8, IF(H15>-1, 9))))))))) -> 7 | K15: =VLOOKUP(H15,'GRADING SYSTEM'!$D$15:$F$23,3) -> PASS
A16: ='Info List'!A15 -> BHS9013 | B16: ='Info List'!B15 -> DANKWAH AMA JANEL | C16: ='Info List'!C15 -> 9 | D16: 81 | E16: =0.5*D16 -> 40.5 | G16: =0.5*F16 -> 0 | H16: =E16+G16 -> 40.5 | I16: =RANK(H16,$H$4:$H$32) -> 18 | J16: =IF(H16>79.5, 1, IF(H16>69.5, 2, IF(H16>59.5, 3, IF(H16>54.5, 4, IF(H16>49.5, 5, IF(H16>44.5, 6, IF(H16>39.5, 7, IF(H16>33.5, 8, IF(H16>-1, 9))))))))) -> 7 | K16: =VLOOKUP(H16,'GRADING SYSTEM'!$D$15:$F$23,3) -> PASS
... A32: ='Info List'!A31 -> BHS9029 | B32: ='Info List'!B31 -> YEVAKPOR SYLVIA EYRAM | C32: ='Info List'!C31 -> 9 | D32: 97 | E32: =0.5*D32 -> 48.5 | G32: =0.5*F32 -> 0 | H32: =E32+G32 -> 48.5 | I32: =RANK(H32,$H$4:$H$32) -> 2 | J32: =IF(H32>79.5, 1, IF(H32>69.5, 2, IF(H32>59.5, 3, IF(H32>54.5, 4, IF(H32>49.5, 5, IF(H32>44.5, 6, IF(H32>39.5, 7, IF(H32>33.5, 8, IF(H32>-1, 9))))))))) -> 6 | K32: =VLOOKUP(H32,'GRADING SYSTEM'!$D$15:$F$23,3) -> LOW AVERAGE

Sheet R.M.E
A1: RELIGIOUS AND MORAL EDUCATION
A2: ID | B2: NAME OF STUDENT | C2: FORM | D2: TOTAL | E2: CLASS SCORE | F2: TOTAL EXAMS SCORE | G2: EXAMS SCORE | H2: OVERALL SCORE | I2: POSITION IN SUBJECT | J2: GRADE | K2: REMARKS
D3: 1 | E3: 50% (A) | F3: 1 | G3: 50% (B) | H3: 100% (A + B)
A4: ='Info List'!A3 -> BHS9001 | B4: ='Info List'!B3 -> ABRAKWAH EVA OWUSUAA | C4: ='Info List'!C3 -> 9 | D4: 91 | E4: =0.5*D4 -> 45.5 | F4: 70 | G4: =0.5*F4 -> 35 | H4: =E4+G4 -> 80.5 | I4: =RANK(H4,$H$4:$H$32) -> 1 | J4: =IF(H4>79.5, 1, IF(H4>69.5, 2, IF(H4>59.5, 3, IF(H4>54.5, 4, IF(H4>49.5, 5, IF(H4>44.5, 6, IF(H4>39.5, 7, IF(H4>33.5, 8, IF(H4>-1, 9))))))))) -> 1 | K4: =VLOOKUP(H4,'GRADING SYSTEM'!$D$15:$F$23,3) -> EXCELLENT
A5: ='Info List'!A4 -> BHS9002 | B5: ='Info List'!B4 -> ADZILAFU EDWARD | C5: ='Info List'!C4 -> 9 | E5: =0.5*D5 -> 0 | G5: =0.5*F5 -> 0 | H5: =E5+G5 -> 0 | I5: =RANK(H5,$H$4:$H$32) -> 2 | J5: =IF(H5>79.5, 1, IF(H5>69.5, 2, IF(H5>59.5, 3, IF(H5>54.5, 4, IF(H5>49.5, 5, IF(H5>44.5, 6, IF(H5>39.5, 7, IF(H5>33.5, 8, IF(H5>-1, 9))))))))) -> 9 | K5: =VLOOKUP(H5,'GRADING SYSTEM'!$D$15:$F$23,3) -> FAIL
A6: ='Info List'!A5 -> BHS9003 | B6: ='Info List'!B5 -> AGYEPONG DASEBRE | C6: ='Info List'!C5 -> 9 | E6: =0.5*D6 -> 0 | G6: =0.5*F6 -> 0 | H6: =E6+G6 -> 0 | I6: =RANK(H6,$H$4:$H$32) -> 2 | J6: =IF(H6>79.5, 1, IF(H6>69.5, 2, IF(H6>59.5, 3, IF(H6>54.5, 4, IF(H6>49.5, 5, IF(H6>44.5, 6, IF(H6>39.5, 7, IF(H6>33.5, 8, IF(H6>-1, 9))))))))) -> 9 | K6: =VLOOKUP(H6,'GRADING SYSTEM'!$D$15:$F$23,3) -> FAIL
A7: ='Info List'!A6 -> BHS9004 | B7: ='Info List'!B6 -> ANIWA JOANA SEYRAM | C7: ='Info List'!C6 -> 9 | E7: =0.5*D7 -> 0 | G7: =0.5*F7 -> 0 | H7: =E7+G7 -> 0 | I7: =RANK(H7,$H$4:$H$32) -> 2 | J7: =IF(H7>79.5, 1, IF(H7>69.5, 2, IF(H7>59.5, 3, IF(H7>54.5, 4, IF(H7>49.5, 5, IF(H7>44.5, 6, IF(H7>39.5, 7, IF(H7>33.5, 8, IF(H7>-1, 9))))))))) -> 9 | K7: =VLOOKUP(H7,'GRADING SYSTEM'!$D$15:$F$23,3) -> FAIL
A8: ='Info List'!A7 -> BHS9005 | B8: ='Info List'!B7 -> ANNAN AGNES | C8: ='Info List'!C7 -> 9 | E8: =0.5*D8 -> 0 | G8: =0.5*F8 -> 0 | H8: =E8+G8 -> 0 | I8: =RANK(H8,$H$4:$H$32) -> 2 | J8: =IF(H8>79.5, 1, IF(H8>69.5, 2, IF(H8>59.5, 3, IF(H8>54.5, 4, IF(H8>49.5, 5, IF(H8>44.5, 6, IF(H8>39.5, 7, IF(H8>33.5, 8, IF(H8>-1, 9))))))))) -> 9 | K8: =VLOOKUP(H8,'GRADING SYSTEM'!$D$15:$F$23,3) -> FAIL
A9: ='Info List'!A8 -> BHS9006 | B9: ='Info List'!B8 -> ARTHUR LILLIAN ABENA | C9: ='Info List'!C8 -> 9 | E9: =0.5*D9 -> 0 | G9: =0.5*F9 -> 0 | H9: =E9+G9 -> 0 | I9: =RANK(H9,$H$4:$H$32) -> 2 | J9: =IF(H9>79.5, 1, IF(H9>69.5, 2, IF(H9>59.5, 3, IF(H9>54.5, 4, IF(H9>49.5, 5, IF(H9>44.5, 6, IF(H9>39.5, 7, IF(H9>33.5, 8, IF(H9>-1, 9))))))))) -> 9 | K9: =VLOOKUP(H9,'GRADING SYSTEM'!$D$15:$F$23,3) -> FAIL
A10: ='Info List'!A9 -> BHS9007 | B10: ='Info List'!B9 -> ASARE JACOB | C10: ='Info List'!C9 -> 9 | E10: =0.5*D10 -> 0 | G10: =0.5*F10 -> 0 | H10: =E10+G10 -> 0 | I10: =RANK(H10,$H$4:$H$32) -> 2 | J10: =IF(H10>79.5, 1, IF(H10>69.5, 2, IF(H10>59.5, 3, IF(H10>54.5, 4, IF(H10>49.5, 5, IF(H10>44.5, 6, IF(H10>39.5, 7, IF(H10>33.5, 8, IF(H10>-1, 9))))))))) -> 9 | K10: =VLOOKUP(H10,'GRADING SYSTEM'!$D$15:$F$23,3) -> FAIL
A11: ='Info List'!A10 -> BHS9008 | B11: ='Info List'!B10 -> BAAH JOSEPHINE KONADU | C11: ='Info List'!C10 -> 9 | E11: =0.5*D11 -> 0 | G11: =0.5*F11 -> 0 | H11: =E11+G11 -> 0 | I11: =RANK(H11,$H$4:$H$32) -> 2 | J11: =IF(H11>79.5, 1, IF(H11>69.5, 2, IF(H11>59.5, 3, IF(H11>54.5, 4, IF(H11>49.5, 5, IF(H11>44.5, 6, IF(H11>39.5, 7, IF(H11>33.5, 8, IF(H11>-1, 9))))))))) -> 9 | K11: =VLOOKUP(H11,'GRADING SYSTEM'!$D$15:$F$23,3) -> FAIL
A12: ='Info List'!A11 -> BHS9009 | B12: ='Info List'!B11 -> BAIDOO MIDRED | C12: ='Info List'!C11 -> 9 | E12: =0.5*D12 -> 0 | G12: =0.5*F12 -> 0 | H12: =E12+G12 -> 0 | I12: =RANK(H12,$H$4:$H$32) -> 2 | J12: =IF(H12>79.5, 1, IF(H12>69.5, 2, IF(H12>59.5, 3, IF(H12>54.5, 4, IF(H12>49.5, 5, IF(H12>44.5, 6, IF(H12>39.5, 7, IF(H12>33.5, 8, IF(H12>-1, 9))))))))) -> 9 | K12: =VLOOKUP(H12,'GRADING SYSTEM'!$D$15:$F$23,3) -> FAIL
A13: ='Info List'!A12 -> BHS9010 | B13: ='Info List'!B12 -> BOAKYE KELVIN OWUSU | C13: ='Info List'!C12 -> 9 | E13: =0.5*D13 -> 0 | G13: =0.5*F13 -> 0 | H13: =E13+G13 -> 0 | I13: =RANK(H13,$H$4:$H$32) -> 2 | J13: =IF(H13>79.5, 1, IF(H13>69.5, 2, IF(H13>59.5, 3, IF(H13>54.5, 4, IF(H13>49.5, 5, IF(H13>44.5, 6, IF(H13>39.5, 7, IF(H13>33.5, 8, IF(H13>-1, 9))))))))) -> 9 | K13: =VLOOKUP(H13,'GRADING SYSTEM'!$D$15:$F$23,3) -> FAIL
A14: ='Info List'!A13 -> BHS9011 | B14: ='Info List'!B13 -> BOATENG NICHOLAS KELVIN | C14: ='Info List'!C13 -> 9 | E14: =0.5*D14 -> 0 | G14: =0.5*F14 -> 0 | H14: =E14+G14 -> 0 | I14: =RANK(H14,$H$4:$H$32) -> 2 | J14: =IF(H14>79.5, 1, IF(H14>69.5, 2, IF(H14>59.5, 3, IF(H14>54.5, 4, IF(H14>49.5, 5, IF(H14>44.5, 6, IF(H14>39.5, 7, IF(H14>33.5, 8, IF(H14>-1, 9))))))))) -> 9 | K14: =VLOOKUP(H14,'GRADING SYSTEM'!$D$15:$F$23,3) -> FAIL
A15: ='Info List'!A14 -> BHS9012 | B15: ='Info List'!B14 -> CHARKITEY JOSEPH TETTEY EMEKOH | C15: ='Info List'!C14 -> 9 | E15: =0.5*D15 -> 0 | G15: =0.5*F15 -> 0 | H15: =E15+G15 -> 0 | I15: =RANK(H15,$H$4:$H$32) -> 2 | J15: =IF(H15>79.5, 1, IF(H15>69.5, 2, IF(H15>59.5, 3, IF(H15>54.5, 4, IF(H15>49.5, 5, IF(H15>44.5, 6, IF(H15>39.5, 7, IF(H15>33.5, 8, IF(H15>-1, 9))))))))) -> 9 | K15: =VLOOKUP(H15,'GRADING SYSTEM'!$D$15:$F$23,3) -> FAIL
A16: ='Info List'!A15 -> BHS9013 | B16: ='Info List'!B15 -> DANKWAH AMA JANEL | C16: ='Info List'!C15 -> 9 | E16: =0.5*D16 -> 0 | G16: =0.5*F16 -> 0 | H16: =E16+G16 -> 0 | I16: =RANK(H16,$H$4:$H$32) -> 2 | J16: =IF(H16>79.5, 1, IF(H16>69.5, 2, IF(H16>59.5, 3, IF(H16>54.5, 4, IF(H16>49.5, 5, IF(H16>44.5, 6, IF(H16>39.5, 7, IF(H16>33.5, 8, IF(H16>-1, 9))))))))) -> 9 | K16: =VLOOKUP(H16,'GRADING SYSTEM'!$D$15:$F$23,3) -> FAIL
... A32: ='Info List'!A31 -> BHS9029 | B32: ='Info List'!B31 -> YEVAKPOR SYLVIA EYRAM | C32: ='Info List'!C31 -> 9 | E32: =0.5*D32 -> 0 | G32: =0.5*F32 -> 0 | H32: =E32+G32 -> 0 | I32: =RANK(H32,$H$4:$H$32) -> 2 | J32: =IF(H32>79.5, 1, IF(H32>69.5, 2, IF(H32>59.5, 3, IF(H32>54.5, 4, IF(H32>49.5, 5, IF(H32>44.5, 6, IF(H32>39.5, 7, IF(H32>33.5, 8, IF(H32>-1, 9))))))))) -> 9 | K32: =VLOOKUP(H32,'GRADING SYSTEM'!$D$15:$F$23,3) -> FAIL

Sheet COMPUTING
A1: COMPUTING
A2: ID | B2: NAME OF STUDENT | C2: FORM | D2: TOTAL | E2: CLASS SCORE | F2: TOTAL EXAMS SCORE | G2: EXAMS SCORE | H2: OVERALL SCORE | I2: POSITION IN SUBJECT | J2: GRADE | K2: REMARKS
D3: 1 | E3: 50% (A) | F3: 1 | G3: 50% (B) | H3: 100% (A + B)
A4: ='Info List'!A3 -> BHS9001 | B4: ='Info List'!B3 -> ABRAKWAH EVA OWUSUAA | C4: ='Info List'!C3 -> 9 | D4: 98 | E4: =0.5*D4 -> 49 | F4: 94 | G4: =0.5*F4 -> 47 | H4: =E4+G4 -> 96 | I4: =RANK(H4,$H$4:$H$32) -> 1 | J4: =IF(H4>79.5, 1, IF(H4>69.5, 2, IF(H4>59.5, 3, IF(H4>54.5, 4, IF(H4>49.5, 5, IF(H4>44.5, 6, IF(H4>39.5, 7, IF(H4>33.5, 8, IF(H4>-1, 9))))))))) -> 1 | K4: =VLOOKUP(H4,'GRADING SYSTEM'!$D$15:$F$23,3) -> EXCELLENT
A5: ='Info List'!A4 -> BHS9002 | B5: ='Info List'!B4 -> ADZILAFU EDWARD | C5: ='Info List'!C4 -> 9 | E5: =0.5*D5 -> 0 | G5: =0.5*F5 -> 0 | H5: =E5+G5 -> 0 | I5: =RANK(H5,$H$4:$H$32) -> 2 | J5: =IF(H5>79.5, 1, IF(H5>69.5, 2, IF(H5>59.5, 3, IF(H5>54.5, 4, IF(H5>49.5, 5, IF(H5>44.5, 6, IF(H5>39.5, 7, IF(H5>33.5, 8, IF(H5>-1, 9))))))))) -> 9 | K5: =VLOOKUP(H5,'GRADING SYSTEM'!$D$15:$F$23,3) -> FAIL
A6: ='Info List'!A5 -> BHS9003 | B6: ='Info List'!B5 -> AGYEPONG DASEBRE | C6: ='Info List'!C5 -> 9 | E6: =0.5*D6 -> 0 | G6: =0.5*F6 -> 0 | H6: =E6+G6 -> 0 | I6: =RANK(H6,$H$4:$H$32) -> 2 | J6: =IF(H6>79.5, 1, IF(H6>69.5, 2, IF(H6>59.5, 3, IF(H6>54.5, 4, IF(H6>49.5, 5, IF(H6>44.5, 6, IF(H6>39.5, 7, IF(H6>33.5, 8, IF(H6>-1, 9))))))))) -> 9 | K6: =VLOOKUP(H6,'GRADING SYSTEM'!$D$15:$F$23,3) -> FAIL
A7: ='Info List'!A6 -> BHS9004 | B7: ='Info List'!B6 -> ANIWA JOANA SEYRAM | C7: ='Info List'!C6 -> 9 | E7: =0.5*D7 -> 0 | G7: =0.5*F7 -> 0 | H7: =E7+G7 -> 0 | I7: =RANK(H7,$H$4:$H$32) -> 2 | J7: =IF(H7>79.5, 1, IF(H7>69.5, 2, IF(H7>59.5, 3, IF(H7>54.5, 4, IF(H7>49.5, 5, IF(H7>44.5, 6, IF(H7>39.5, 7, IF(H7>33.5, 8, IF(H7>-1, 9))))))))) -> 9 | K7: =VLOOKUP(H7,'GRADING SYSTEM'!$D$15:$F$23,3) -> FAIL
A8: ='Info List'!A7 -> BHS9005 | B8: ='Info List'!B7 -> ANNAN AGNES | C8: ='Info List'!C7 -> 9 | E8: =0.5*D8 -> 0 | G8: =0.5*F8 -> 0 | H8: =E8+G8 -> 0 | I8: =RANK(H8,$H$4:$H$32) -> 2 | J8: =IF(H8>79.5, 1, IF(H8>69.5, 2, IF(H8>59.5, 3, IF(H8>54.5, 4, IF(H8>49.5, 5, IF(H8>44.5, 6, IF(H8>39.5, 7, IF(H8>33.5, 8, IF(H8>-1, 9))))))))) -> 9 | K8: =VLOOKUP(H8,'GRADING SYSTEM'!$D$15:$F$23,3) -> FAIL
A9: ='Info List'!A8 -> BHS9006 | B9: ='Info List'!B8 -> ARTHUR LILLIAN ABENA | C9: ='Info List'!C8 -> 9 | E9: =0.5*D9 -> 0 | G9: =0.5*F9 -> 0 | H9: =E9+G9 -> 0 | I9: =RANK(H9,$H$4:$H$32) -> 2 | J9: =IF(H9>79.5, 1, IF(H9>69.5, 2, IF(H9>59.5, 3, IF(H9>54.5, 4, IF(H9>49.5, 5, IF(H9>44.5, 6, IF(H9>39.5, 7, IF(H9>33.5, 8, IF(H9>-1, 9))))))))) -> 9 | K9: =VLOOKUP(H9,'GRADING SYSTEM'!$D$15:$F$23,3) -> FAIL
A10: ='Info List'!A9 -> BHS9007 | B10: ='Info List'!B9 -> ASARE JACOB | C10: ='Info List'!C9 -> 9 | E10: =0.5*D10 -> 0 | G10: =0.5*F10 -> 0 | H10: =E10+G10 -> 0 | I10: =RANK(H10,$H$4:$H$32) -> 2 | J10: =IF(H10>79.5, 1, IF(H10>69.5, 2, IF(H10>59.5, 3, IF(H10>54.5, 4, IF(H10>49.5, 5, IF(H10>44.5, 6, IF(H10>39.5, 7, IF(H10>33.5, 8, IF(H10>-1, 9))))))))) -> 9 | K10: =VLOOKUP(H10,'GRADING SYSTEM'!$D$15:$F$23,3) -> FAIL
A11: ='Info List'!A10 -> BHS9008 | B11: ='Info List'!B10 -> BAAH JOSEPHINE KONADU | C11: ='Info List'!C10 -> 9 | E11: =0.5*D11 -> 0 | G11: =0.5*F11 -> 0 | H11: =E11+G11 -> 0 | I11: =RANK(H11,$H$4:$H$32) -> 2 | J11: =IF(H11>79.5, 1, IF(H11>69.5, 2, IF(H11>59.5, 3, IF(H11>54.5, 4, IF(H11>49.5, 5, IF(H11>44.5, 6, IF(H11>39.5, 7, IF(H11>33.5, 8, IF(H11>-1, 9))))))))) -> 9 | K11: =VLOOKUP(H11,'GRADING SYSTEM'!$D$15:$F$23,3) -> FAIL
A12: ='Info List'!A11 -> BHS9009 | B12: ='Info List'!B11 -> BAIDOO MIDRED | C12: ='Info List'!C11 -> 9 | E12: =0.5*D12 -> 0 | G12: =0.5*F12 -> 0 | H12: =E12+G12 -> 0 | I12: =RANK(H12,$H$4:$H$32) -> 2 | J12: =IF(H12>79.5, 1, IF(H12>69.5, 2, IF(H12>59.5, 3, IF(H12>54.5, 4, IF(H12>49.5, 5, IF(H12>44.5, 6, IF(H12>39.5, 7, IF(H12>33.5, 8, IF(H12>-1, 9))))))))) -> 9 | K12: =VLOOKUP(H12,'GRADING SYSTEM'!$D$15:$F$23,3) -> FAIL
A13: ='Info List'!A12 -> BHS9010 | B13: ='Info List'!B12 -> BOAKYE KELVIN OWUSU | C13: ='Info List'!C12 -> 9 | E13: =0.5*D13 -> 0 | G13: =0.5*F13 -> 0 | H13: =E13+G13 -> 0 | I13: =RANK(H13,$H$4:$H$32) -> 2 | J13: =IF(H13>79.5, 1, IF(H13>69.5, 2, IF(H13>59.5, 3, IF(H13>54.5, 4, IF(H13>49.5, 5, IF(H13>44.5, 6, IF(H13>39.5, 7, IF(H13>33.5, 8, IF(H13>-1, 9))))))))) -> 9 | K13: =VLOOKUP(H13,'GRADING SYSTEM'!$D$15:$F$23,3) -> FAIL
A14: ='Info List'!A13 -> BHS9011 | B14: ='Info List'!B13 -> BOATENG NICHOLAS KELVIN | C14: ='Info List'!C13 -> 9 | E14: =0.5*D14 -> 0 | G14: =0.5*F14 -> 0 | H14: =E14+G14 -> 0 | I14: =RANK(H14,$H$4:$H$32) -> 2 | J14: =IF(H14>79.5, 1, IF(H14>69.5, 2, IF(H14>59.5, 3, IF(H14>54.5, 4, IF(H14>49.5, 5, IF(H14>44.5, 6, IF(H14>39.5, 7, IF(H14>33.5, 8, IF(H14>-1, 9))))))))) -> 9 | K14: =VLOOKUP(H14,'GRADING SYSTEM'!$D$15:$F$23,3) -> FAIL
A15: ='Info List'!A14 -> BHS9012 | B15: ='Info List'!B14 -> CHARKITEY JOSEPH TETTEY EMEKOH | C15: ='Info List'!C14 -> 9 | E15: =0.5*D15 -> 0 | G15: =0.5*F15 -> 0 | H15: =E15+G15 -> 0 | I15: =RANK(H15,$H$4:$H$32) -> 2 | J15: =IF(H15>79.5, 1, IF(H15>69.5, 2, IF(H15>59.5, 3, IF(H15>54.5, 4, IF(H15>49.5, 5, IF(H15>44.5, 6, IF(H15>39.5, 7, IF(H15>33.5, 8, IF(H15>-1, 9))))))))) -> 9 | K15: =VLOOKUP(H15,'GRADING SYSTEM'!$D$15:$F$23,3) -> FAIL
A16: ='Info List'!A15 -> BHS9013 | B16: ='Info List'!B15 -> DANKWAH AMA JANEL | C16: ='Info List'!C15 -> 9 | E16: =0.5*D16 -> 0 | G16: =0.5*F16 -> 0 | H16: =E16+G16 -> 0 | I16: =RANK(H16,$H$4:$H$32) -> 2 | J16: =IF(H16>79.5, 1, IF(H16>69.5, 2, IF(H16>59.5, 3, IF(H16>54.5, 4, IF(H16>49.5, 5, IF(H16>44.5, 6, IF(H16>39.5, 7, IF(H16>33.5, 8, IF(H16>-1, 9))))))))) -> 9 | K16: =VLOOKUP(H16,'GRADING SYSTEM'!$D$15:$F$23,3) -> FAIL
... A32: ='Info List'!A31 -> BHS9029 | B32: ='Info List'!B31 -> YEVAKPOR SYLVIA EYRAM | C32: ='Info List'!C31 -> 9 | E32: =0.5*D32 -> 0 | G32: =0.5*F32 -> 0 | H32: =E32+G32 -> 0 | I32: =RANK(H32,$H$4:$H$32) -> 2 | J32: =IF(H32>79.5, 1, IF(H32>69.5, 2, IF(H32>59.5, 3, IF(H32>54.5, 4, IF(H32>49.5, 5, IF(H32>44.5, 6, IF(H32>39.5, 7, IF(H32>33.5, 8, IF(H32>-1, 9))))))))) -> 9 | K32: =VLOOKUP(H32,'GRADING SYSTEM'!$D$15:$F$23,3) -> FAIL

Sheet CAD
A1: CREATIVE ARTS AND DESIGN
A2: ID | B2: NAME OF STUDENT | C2: FORM | D2: TOTAL | E2: CLASS SCORE | F2: TOTAL EXAMS SCORE | G2: EXAMS SCORE | H2: OVERALL SCORE | I2: POSITION IN SUBJECT | J2: GRADE | K2: REMARKS
D3: 1 | E3: 50% (A) | F3: 1 | G3: 50% (B) | H3: 100% (A + B)
A4: ='Info List'!A3 -> BHS9001 | B4: ='Info List'!B3 -> ABRAKWAH EVA OWUSUAA | C4: ='Info List'!C3 -> 9 | D4: 76 | E4: =0.5*D4 -> 38 | F4: 82 | G4: =0.5*F4 -> 41 | H4: =E4+G4 -> 79 | I4: =RANK(H4,$H$4:$H$32) -> 1 | J4: =IF(H4>79.5, 1, IF(H4>69.5, 2, IF(H4>59.5, 3, IF(H4>54.5, 4, IF(H4>49.5, 5, IF(H4>44.5, 6, IF(H4>39.5, 7, IF(H4>33.5, 8, IF(H4>-1, 9))))))))) -> 2 | K4: =VLOOKUP(H4,'GRADING SYSTEM'!$D$15:$F$23,3) -> VERY GOOD
A5: ='Info List'!A4 -> BHS9002 | B5: ='Info List'!B4 -> ADZILAFU EDWARD | C5: ='Info List'!C4 -> 9 | E5: =0.5*D5 -> 0 | G5: =0.5*F5 -> 0 | H5: =E5+G5 -> 0 | I5: =RANK(H5,$H$4:$H$32) -> 2 | J5: =IF(H5>79.5, 1, IF(H5>69.5, 2, IF(H5>59.5, 3, IF(H5>54.5, 4, IF(H5>49.5, 5, IF(H5>44.5, 6, IF(H5>39.5, 7, IF(H5>33.5, 8, IF(H5>-1, 9))))))))) -> 9 | K5: =VLOOKUP(H5,'GRADING SYSTEM'!$D$15:$F$23,3) -> FAIL
A6: ='Info List'!A5 -> BHS9003 | B6: ='Info List'!B5 -> AGYEPONG DASEBRE | C6: ='Info List'!C5 -> 9 | E6: =0.5*D6 -> 0 | G6: =0.5*F6 -> 0 | H6: =E6+G6 -> 0 | I6: =RANK(H6,$H$4:$H$32) -> 2 | J6: =IF(H6>79.5, 1, IF(H6>69.5, 2, IF(H6>59.5, 3, IF(H6>54.5, 4, IF(H6>49.5, 5, IF(H6>44.5, 6, IF(H6>39.5, 7, IF(H6>33.5, 8, IF(H6>-1, 9))))))))) -> 9 | K6: =VLOOKUP(H6,'GRADING SYSTEM'!$D$15:$F$23,3) -> FAIL
A7: ='Info List'!A6 -> BHS9004 | B7: ='Info List'!B6 -> ANIWA JOANA SEYRAM | C7: ='Info List'!C6 -> 9 | E7: =0.5*D7 -> 0 | G7: =0.5*F7 -> 0 | H7: =E7+G7 -> 0 | I7: =RANK(H7,$H$4:$H$32) -> 2 | J7: =IF(H7>79.5, 1, IF(H7>69.5, 2, IF(H7>59.5, 3, IF(H7>54.5, 4, IF(H7>49.5, 5, IF(H7>44.5, 6, IF(H7>39.5, 7, IF(H7>33.5, 8, IF(H7>-1, 9))))))))) -> 9 | K7: =VLOOKUP(H7,'GRADING SYSTEM'!$D$15:$F$23,3) -> FAIL
A8: ='Info List'!A7 -> BHS9005 | B8: ='Info List'!B7 -> ANNAN AGNES | C8: ='Info List'!C7 -> 9 | E8: =0.5*D8 -> 0 | G8: =0.5*F8 -> 0 | H8: =E8+G8 -> 0 | I8: =RANK(H8,$H$4:$H$32) -> 2 | J8: =IF(H8>79.5, 1, IF(H8>69.5, 2, IF(H8>59.5, 3, IF(H8>54.5, 4, IF(H8>49.5, 5, IF(H8>44.5, 6, IF(H8>39.5, 7, IF(H8>33.5, 8, IF(H8>-1, 9))))))))) -> 9 | K8: =VLOOKUP(H8,'GRADING SYSTEM'!$D$15:$F$23,3) -> FAIL
A9: ='Info List'!A8 -> BHS9006 | B9: ='Info List'!B8 -> ARTHUR LILLIAN ABENA | C9: ='Info List'!C8 -> 9 | E9: =0.5*D9 -> 0 | G9: =0.5*F9 -> 0 | H9: =E9+G9 -> 0 | I9: =RANK(H9,$H$4:$H$32) -> 2 | J9: =IF(H9>79.5, 1, IF(H9>69.5, 2, IF(H9>59.5, 3, IF(H9>54.5, 4, IF(H9>49.5, 5, IF(H9>44.5, 6, IF(H9>39.5, 7, IF(H9>33.5, 8, IF(H9>-1, 9))))))))) -> 9 | K9: =VLOOKUP(H9,'GRADING SYSTEM'!$D$15:$F$23,3) -> FAIL
A10: ='Info List'!A9 -> BHS9007 | B10: ='Info List'!B9 -> ASARE JACOB | C10: ='Info List'!C9 -> 9 | E10: =0.5*D10 -> 0 | G10: =0.5*F10 -> 0 | H10: =E10+G10 -> 0 | I10: =RANK(H10,$H$4:$H$32) -> 2 | J10: =IF(H10>79.5, 1, IF(H10>69.5, 2, IF(H10>59.5, 3, IF(H10>54.5, 4, IF(H10>49.5, 5, IF(H10>44.5, 6, IF(H10>39.5, 7, IF(H10>33.5, 8, IF(H10>-1, 9))))))))) -> 9 | K10: =VLOOKUP(H10,'GRADING SYSTEM'!$D$15:$F$23,3) -> FAIL
A11: ='Info List'!A10 -> BHS9008 | B11: ='Info List'!B10 -> BAAH JOSEPHINE KONADU | C11: ='Info List'!C10 -> 9 | E11: =0.5*D11 -> 0 | G11: =0.5*F11 -> 0 | H11: =E11+G11 -> 0 | I11: =RANK(H11,$H$4:$H$32) -> 2 | J11: =IF(H11>79.5, 1, IF(H11>69.5, 2, IF(H11>59.5, 3, IF(H11>54.5, 4, IF(H11>49.5, 5, IF(H11>44.5, 6, IF(H11>39.5, 7, IF(H11>33.5, 8, IF(H11>-1, 9))))))))) -> 9 | K11: =VLOOKUP(H11,'GRADING SYSTEM'!$D$15:$F$23,3) -> FAIL
A12: ='Info List'!A11 -> BHS9009 | B12: ='Info List'!B11 -> BAIDOO MIDRED | C12: ='Info List'!C11 -> 9 | E12: =0.5*D12 -> 0 | G12: =0.5*F12 -> 0 | H12: =E12+G12 -> 0 | I12: =RANK(H12,$H$4:$H$32) -> 2 | J12: =IF(H12>79.5, 1, IF(H12>69.5, 2, IF(H12>59.5, 3, IF(H12>54.5, 4, IF(H12>49.5, 5, IF(H12>44.5, 6, IF(H12>39.5, 7, IF(H12>33.5, 8, IF(H12>-1, 9))))))))) -> 9 | K12: =VLOOKUP(H12,'GRADING SYSTEM'!$D$15:$F$23,3) -> FAIL
A13: ='Info List'!A12 -> BHS9010 | B13: ='Info List'!B12 -> BOAKYE KELVIN OWUSU | C13: ='Info List'!C12 -> 9 | E13: =0.5*D13 -> 0 | G13: =0.5*F13 -> 0 | H13: =E13+G13 -> 0 | I13: =RANK(H13,$H$4:$H$32) -> 2 | J13: =IF(H13>79.5, 1, IF(H13>69.5, 2, IF(H13>59.5, 3, IF(H13>54.5, 4, IF(H13>49.5, 5, IF(H13>44.5, 6, IF(H13>39.5, 7, IF(H13>33.5, 8, IF(H13>-1, 9))))))))) -> 9 | K13: =VLOOKUP(H13,'GRADING SYSTEM'!$D$15:$F$23,3) -> FAIL
A14: ='Info List'!A13 -> BHS9011 | B14: ='Info List'!B13 -> BOATENG NICHOLAS KELVIN | C14: ='Info List'!C13 -> 9 | E14: =0.5*D14 -> 0 | G14: =0.5*F14 -> 0 | H14: =E14+G14 -> 0 | I14: =RANK(H14,$H$4:$H$32) -> 2 | J14: =IF(H14>79.5, 1, IF(H14>69.5, 2, IF(H14>59.5, 3, IF(H14>54.5, 4, IF(H14>49.5, 5, IF(H14>44.5, 6, IF(H14>39.5, 7, IF(H14>33.5, 8, IF(H14>-1, 9))))))))) -> 9 | K14: =VLOOKUP(H14,'GRADING SYSTEM'!$D$15:$F$23,3) -> FAIL
A15: ='Info List'!A14 -> BHS9012 | B15: ='Info List'!B14 -> CHARKITEY JOSEPH TETTEY EMEKOH | C15: ='Info List'!C14 -> 9 | E15: =0.5*D15 -> 0 | G15: =0.5*F15 -> 0 | H15: =E15+G15 -> 0 | I15: =RANK(H15,$H$4:$H$32) -> 2 | J15: =IF(H15>79.5, 1, IF(H15>69.5, 2, IF(H15>59.5, 3, IF(H15>54.5, 4, IF(H15>49.5, 5, IF(H15>44.5, 6, IF(H15>39.5, 7, IF(H15>33.5, 8, IF(H15>-1, 9))))))))) -> 9 | K15: =VLOOKUP(H15,'GRADING SYSTEM'!$D$15:$F$23,3) -> FAIL
A16: ='Info List'!A15 -> BHS9013 | B16: ='Info List'!B15 -> DANKWAH AMA JANEL | C16: ='Info List'!C15 -> 9 | E16: =0.5*D16 -> 0 | G16: =0.5*F16 -> 0 | H16: =E16+G16 -> 0 | I16: =RANK(H16,$H$4:$H$32) -> 2 | J16: =IF(H16>79.5, 1, IF(H16>69.5, 2, IF(H16>59.5, 3, IF(H16>54.5, 4, IF(H16>49.5, 5, IF(H16>44.5, 6, IF(H16>39.5, 7, IF(H16>33.5, 8, IF(H16>-1, 9))))))))) -> 9 | K16: =VLOOKUP(H16,'GRADING SYSTEM'!$D$15:$F$23,3) -> FAIL
... A32: ='Info List'!A31 -> BHS9029 | B32: ='Info List'!B31 -> YEVAKPOR SYLVIA EYRAM | C32: ='Info List'!C31 -> 9 | E32: =0.5*D32 -> 0 | G32: =0.5*F32 -> 0 | H32: =E32+G32 -> 0 | I32: =RANK(H32,$H$4:$H$32) -> 2 | J32: =IF(H32>79.5, 1, IF(H32>69.5, 2, IF(H32>59.5, 3, IF(H32>54.5, 4, IF(H32>49.5, 5, IF(H32>44.5, 6, IF(H32>39.5, 7, IF(H32>33.5, 8, IF(H32>-1, 9))))))))) -> 9 | K32: =VLOOKUP(H32,'GRADING SYSTEM'!$D$15:$F$23,3) -> FAIL

Sheet CAREER
A1: CAREER TECHNOLOGY
A2: ID | B2: NAME OF STUDENT | C2: FORM | D2: TOTAL | E2: CLASS SCORE | F2: TOTAL EXAMS SCORE | G2: EXAMS SCORE | H2: OVERALL SCORE | I2: POSITION IN SUBJECT | J2: GRADE | K2: REMARKS
D3: 1 | E3: 50% (A) | F3: 1 | G3: 50% (B) | H3: 100% (A + B)
A4: ='Info List'!A3 -> BHS9001 | B4: ='Info List'!B3 -> ABRAKWAH EVA OWUSUAA | C4: ='Info List'!C3 -> 9 | D4: 88 | E4: =0.5*D4 -> 44 | F4: 86 | G4: =0.5*F4 -> 43 | H4: =E4+G4 -> 87 | I4: =RANK(H4,$H$4:$H$32) -> 1 | J4: =IF(H4>79.5, 1, IF(H4>69.5, 2, IF(H4>59.5, 3, IF(H4>54.5, 4, IF(H4>49.5, 5, IF(H4>44.5, 6, IF(H4>39.5, 7, IF(H4>33.5, 8, IF(H4>-1, 9))))))))) -> 1 | K4: =VLOOKUP(H4,'GRADING SYSTEM'!$D$15:$F$23,3) -> EXCELLENT
A5: ='Info List'!A4 -> BHS9002 | B5: ='Info List'!B4 -> ADZILAFU EDWARD | C5: ='Info List'!C4 -> 9 | E5: =0.5*D5 -> 0 | G5: =0.5*F5 -> 0 | H5: =E5+G5 -> 0 | I5: =RANK(H5,$H$4:$H$32) -> 2 | J5: =IF(H5>79.5, 1, IF(H5>69.5, 2, IF(H5>59.5, 3, IF(H5>54.5, 4, IF(H5>49.5, 5, IF(H5>44.5, 6, IF(H5>39.5, 7, IF(H5>33.5, 8, IF(H5>-1, 9))))))))) -> 9 | K5: =VLOOKUP(H5,'GRADING SYSTEM'!$D$15:$F$23,3) -> FAIL
A6: ='Info List'!A5 -> BHS9003 | B6: ='Info List'!B5 -> AGYEPONG DASEBRE | C6: ='Info List'!C5 -> 9 | E6: =0.5*D6 -> 0 | G6: =0.5*F6 -> 0 | H6: =E6+G6 -> 0 | I6: =RANK(H6,$H$4:$H$32) -> 2 | J6: =IF(H6>79.5, 1, IF(H6>69.5, 2, IF(H6>59.5, 3, IF(H6>54.5, 4, IF(H6>49.5, 5, IF(H6>44.5, 6, IF(H6>39.5, 7, IF(H6>33.5, 8, IF(H6>-1, 9))))))))) -> 9 | K6: =VLOOKUP(H6,'GRADING SYSTEM'!$D$15:$F$23,3) -> FAIL
A7: ='Info List'!A6 -> BHS9004 | B7: ='Info List'!B6 -> ANIWA JOANA SEYRAM | C7: ='Info List'!C6 -> 9 | E7: =0.5*D7 -> 0 | G7: =0.5*F7 -> 0 | H7: =E7+G7 -> 0 | I7: =RANK(H7,$H$4:$H$32) -> 2 | J7: =IF(H7>79.5, 1, IF(H7>69.5, 2, IF(H7>59.5, 3, IF(H7>54.5, 4, IF(H7>49.5, 5, IF(H7>44.5, 6, IF(H7>39.5, 7, IF(H7>33.5, 8, IF(H7>-1, 9))))))))) -> 9 | K7: =VLOOKUP(H7,'GRADING SYSTEM'!$D$15:$F$23,3) -> FAIL
A8: ='Info List'!A7 -> BHS9005 | B8: ='Info List'!B7 -> ANNAN AGNES | C8: ='Info List'!C7 -> 9 | E8: =0.5*D8 -> 0 | G8: =0.5*F8 -> 0 | H8: =E8+G8 -> 0 | I8: =RANK(H8,$H$4:$H$32) -> 2 | J8: =IF(H8>79.5, 1, IF(H8>69.5, 2, IF(H8>59.5, 3, IF(H8>54.5, 4, IF(H8>49.5, 5, IF(H8>44.5, 6, IF(H8>39.5, 7, IF(H8>33.5, 8, IF(H8>-1, 9))))))))) -> 9 | K8: =VLOOKUP(H8,'GRADING SYSTEM'!$D$15:$F$23,3) -> FAIL
A9: ='Info List'!A8 -> BHS9006 | B9: ='Info List'!B8 -> ARTHUR LILLIAN ABENA | C9: ='Info List'!C8 -> 9 | E9: =0.5*D9 -> 0 | G9: =0.5*F9 -> 0 | H9: =E9+G9 -> 0 | I9: =RANK(H9,$H$4:$H$32) -> 2 | J9: =IF(H9>79.5, 1, IF(H9>69.5, 2, IF(H9>59.5, 3, IF(H9>54.5, 4, IF(H9>49.5, 5, IF(H9>44.5, 6, IF(H9>39.5, 7, IF(H9>33.5, 8, IF(H9>-1, 9))))))))) -> 9 | K9: =VLOOKUP(H9,'GRADING SYSTEM'!$D$15:$F$23,3) -> FAIL
A10: ='Info List'!A9 -> BHS9007 | B10: ='Info List'!B9 -> ASARE JACOB | C10: ='Info List'!C9 -> 9 | E10: =0.5*D10 -> 0 | G10: =0.5*F10 -> 0 | H10: =E10+G10 -> 0 | I10: =RANK(H10,$H$4:$H$32) -> 2 | J10: =IF(H10>79.5, 1, IF(H10>69.5, 2, IF(H10>59.5, 3, IF(H10>54.5, 4, IF(H10>49.5, 5, IF(H10>44.5, 6, IF(H10>39.5, 7, IF(H10>33.5, 8, IF(H10>-1, 9))))))))) -> 9 | K10: =VLOOKUP(H10,'GRADING SYSTEM'!$D$15:$F$23,3) -> FAIL
A11: ='Info List'!A10 -> BHS9008 | B11: ='Info List'!B10 -> BAAH JOSEPHINE KONADU | C11: ='Info List'!C10 -> 9 | E11: =0.5*D11 -> 0 | G11: =0.5*F11 -> 0 | H11: =E11+G11 -> 0 | I11: =RANK(H11,$H$4:$H$32) -> 2 | J11: =IF(H11>79.5, 1, IF(H11>69.5, 2, IF(H11>59.5, 3, IF(H11>54.5, 4, IF(H11>49.5, 5, IF(H11>44.5, 6, IF(H11>39.5, 7, IF(H11>33.5, 8, IF(H11>-1, 9))))))))) -> 9 | K11: =VLOOKUP(H11,'GRADING SYSTEM'!$D$15:$F$23,3) -> FAIL
A12: ='Info List'!A11 -> BHS9009 | B12: ='Info List'!B11 -> BAIDOO MIDRED | C12: ='Info List'!C11 -> 9 | E12: =0.5*D12 -> 0 | G12: =0.5*F12 -> 0 | H12: =E12+G12 -> 0 | I12: =RANK(H12,$H$4:$H$32) -> 2 | J12: =IF(H12>79.5, 1, IF(H12>69.5, 2, IF(H12>59.5, 3, IF(H12>54.5, 4, IF(H12>49.5, 5, IF(H12>44.5, 6, IF(H12>39.5, 7, IF(H12>33.5, 8, IF(H12>-1, 9))))))))) -> 9 | K12: =VLOOKUP(H12,'GRADING SYSTEM'!$D$15:$F$23,3) -> FAIL
A13: ='Info List'!A12 -> BHS9010 | B13: ='Info List'!B12 -> BOAKYE KELVIN OWUSU | C13: ='Info List'!C12 -> 9 | E13: =0.5*D13 -> 0 | G13: =0.5*F13 -> 0 | H13: =E13+G13 -> 0 | I13: =RANK(H13,$H$4:$H$32) -> 2 | J13: =IF(H13>79.5, 1, IF(H13>69.5, 2, IF(H13>59.5, 3, IF(H13>54.5, 4, IF(H13>49.5, 5, IF(H13>44.5, 6, IF(H13>39.5, 7, IF(H13>33.5, 8, IF(H13>-1, 9))))))))) -> 9 | K13: =VLOOKUP(H13,'GRADING SYSTEM'!$D$15:$F$23,3) -> FAIL
A14: ='Info List'!A13 -> BHS9011 | B14: ='Info List'!B13 -> BOATENG NICHOLAS KELVIN | C14: ='Info List'!C13 -> 9 | E14: =0.5*D14 -> 0 | G14: =0.5*F14 -> 0 | H14: =E14+G14 -> 0 | I14: =RANK(H14,$H$4:$H$32) -> 2 | J14: =IF(H14>79.5, 1, IF(H14>69.5, 2, IF(H14>59.5, 3, IF(H14>54.5, 4, IF(H14>49.5, 5, IF(H14>44.5, 6, IF(H14>39.5, 7, IF(H14>33.5, 8, IF(H14>-1, 9))))))))) -> 9 | K14: =VLOOKUP(H14,'GRADING SYSTEM'!$D$15:$F$23,3) -> FAIL
A15: ='Info List'!A14 -> BHS9012 | B15: ='Info List'!B14 -> CHARKITEY JOSEPH TETTEY EMEKOH | C15: ='Info List'!C14 -> 9 | E15: =0.5*D15 -> 0 | G15: =0.5*F15 -> 0 | H15: =E15+G15 -> 0 | I15: =RANK(H15,$H$4:$H$32) -> 2 | J15: =IF(H15>79.5, 1, IF(H15>69.5, 2, IF(H15>59.5, 3, IF(H15>54.5, 4, IF(H15>49.5, 5, IF(H15>44.5, 6, IF(H15>39.5, 7, IF(H15>33.5, 8, IF(H15>-1, 9))))))))) -> 9 | K15: =VLOOKUP(H15,'GRADING SYSTEM'!$D$15:$F$23,3) -> FAIL
A16: ='Info List'!A15 -> BHS9013 | B16: ='Info List'!B15 -> DANKWAH AMA JANEL | C16: ='Info List'!C15 -> 9 | E16: =0.5*D16 -> 0 | G16: =0.5*F16 -> 0 | H16: =E16+G16 -> 0 | I16: =RANK(H16,$H$4:$H$32) -> 2 | J16: =IF(H16>79.5, 1, IF(H16>69.5, 2, IF(H16>59.5, 3, IF(H16>54.5, 4, IF(H16>49.5, 5, IF(H16>44.5, 6, IF(H16>39.5, 7, IF(H16>33.5, 8, IF(H16>-1, 9))))))))) -> 9 | K16: =VLOOKUP(H16,'GRADING SYSTEM'!$D$15:$F$23,3) -> FAIL
... A32: ='Info List'!A31 -> BHS9029 | B32: ='Info List'!B31 -> YEVAKPOR SYLVIA EYRAM | C32: ='Info List'!C31 -> 9 | E32: =0.5*D32 -> 0 | G32: =0.5*F32 -> 0 | H32: =E32+G32 -> 0 | I32: =RANK(H32,$H$4:$H$32) -> 2 | J32: =IF(H32>79.5, 1, IF(H32>69.5, 2, IF(H32>59.5, 3, IF(H32>54.5, 4, IF(H32>49.5, 5, IF(H32>44.5, 6, IF(H32>39.5, 7, IF(H32>33.5, 8, IF(H32>-1, 9))))))))) -> 9 | K32: =VLOOKUP(H32,'GRADING SYSTEM'!$D$15:$F$23,3) -> FAIL

Sheet FANTE
A1: FANTE
A2: ID | B2: NAME OF STUDENT | C2: FORM | D2: TOTAL | E2: CLASS SCORE | F2: TOTAL EXAMS SCORE | G2: EXAMS SCORE | H2: OVERALL SCORE | I2: POSITION IN SUBJECT | J2: GRADE | K2: REMARKS
D3: 1 | E3: 50% (A) | F3: 1 | G3: 50% (B) | H3: 100% (A + B)
A4: ='Info List'!A3 -> BHS9001 | B4: ='Info List'!B3 -> ABRAKWAH EVA OWUSUAA | C4: ='Info List'!C3 -> 9 | D4: 83 | E4: =0.5*D4 -> 41.5 | F4: 80 | G4: =0.5*F4 -> 40 | H4: =E4+G4 -> 81.5 | I4: =RANK(H4,$H$4:$H$32) -> 1 | J4: =IF(H4>79.5, 1, IF(H4>69.5, 2, IF(H4>59.5, 3, IF(H4>54.5, 4, IF(H4>49.5, 5, IF(H4>44.5, 6, IF(H4>39.5, 7, IF(H4>33.5, 8, IF(H4>-1, 9))))))))) -> 1 | K4: =VLOOKUP(H4,'GRADING SYSTEM'!$D$15:$F$23,3) -> EXCELLENT
A5: ='Info List'!A4 -> BHS9002 | B5: ='Info List'!B4 -> ADZILAFU EDWARD | C5: ='Info List'!C4 -> 9 | E5: =0.5*D5 -> 0 | G5: =0.5*F5 -> 0 | H5: =E5+G5 -> 0 | I5: =RANK(H5,$H$4:$H$32) -> 2 | J5: =IF(H5>79.5, 1, IF(H5>69.5, 2, IF(H5>59.5, 3, IF(H5>54.5, 4, IF(H5>49.5, 5, IF(H5>44.5, 6, IF(H5>39.5, 7, IF(H5>33.5, 8, IF(H5>-1, 9))))))))) -> 9 | K5: =VLOOKUP(H5,'GRADING SYSTEM'!$D$15:$F$23,3) -> FAIL
A6: ='Info List'!A5 -> BHS9003 | B6: ='Info List'!B5 -> AGYEPONG DASEBRE | C6: ='Info List'!C5 -> 9 | E6: =0.5*D6 -> 0 | G6: =0.5*F6 -> 0 | H6: =E6+G6 -> 0 | I6: =RANK(H6,$H$4:$H$32) -> 2 | J6: =IF(H6>79.5, 1, IF(H6>69.5, 2, IF(H6>59.5, 3, IF(H6>54.5, 4, IF(H6>49.5, 5, IF(H6>44.5, 6, IF(H6>39.5, 7, IF(H6>33.5, 8, IF(H6>-1, 9))))))))) -> 9 | K6: =VLOOKUP(H6,'GRADING SYSTEM'!$D$15:$F$23,3) -> FAIL
A7: ='Info List'!A6 -> BHS9004 | B7: ='Info List'!B6 -> ANIWA JOANA SEYRAM | C7: ='Info List'!C6 -> 9 | E7: =0.5*D7 -> 0 | G7: =0.5*F7 -> 0 | H7: =E7+G7 -> 0 | I7: =RANK(H7,$H$4:$H$32) -> 2 | J7: =IF(H7>79.5, 1, IF(H7>69.5, 2, IF(H7>59.5, 3, IF(H7>54.5, 4, IF(H7>49.5, 5, IF(H7>44.5, 6, IF(H7>39.5, 7, IF(H7>33.5, 8, IF(H7>-1, 9))))))))) -> 9 | K7: =VLOOKUP(H7,'GRADING SYSTEM'!$D$15:$F$23,3) -> FAIL
A8: ='Info List'!A7 -> BHS9005 | B8: ='Info List'!B7 -> ANNAN AGNES | C8: ='Info List'!C7 -> 9 | E8: =0.5*D8 -> 0 | G8: =0.5*F8 -> 0 | H8: =E8+G8 -> 0 | I8: =RANK(H8,$H$4:$H$32) -> 2 | J8: =IF(H8>79.5, 1, IF(H8>69.5, 2, IF(H8>59.5, 3, IF(H8>54.5, 4, IF(H8>49.5, 5, IF(H8>44.5, 6, IF(H8>39.5, 7, IF(H8>33.5, 8, IF(H8>-1, 9))))))))) -> 9 | K8: =VLOOKUP(H8,'GRADING SYSTEM'!$D$15:$F$23,3) -> FAIL
A9: ='Info List'!A8 -> BHS9006 | B9: ='Info List'!B8 -> ARTHUR LILLIAN ABENA | C9: ='Info List'!C8 -> 9 | E9: =0.5*D9 -> 0 | G9: =0.5*F9 -> 0 | H9: =E9+G9 -> 0 | I9: =RANK(H9,$H$4:$H$32) -> 2 | J9: =IF(H9>79.5, 1, IF(H9>69.5, 2, IF(H9>59.5, 3, IF(H9>54.5, 4, IF(H9>49.5, 5, IF(H9>44.5, 6, IF(H9>39.5, 7, IF(H9>33.5, 8, IF(H9>-1, 9))))))))) -> 9 | K9: =VLOOKUP(H9,'GRADING SYSTEM'!$D$15:$F$23,3) -> FAIL
A10: ='Info List'!A9 -> BHS9007 | B10: ='Info List'!B9 -> ASARE JACOB | C10: ='Info List'!C9 -> 9 | E10: =0.5*D10 -> 0 | G10: =0.5*F10 -> 0 | H10: =E10+G10 -> 0 | I10: =RANK(H10,$H$4:$H$32) -> 2 | J10: =IF(H10>79.5, 1, IF(H10>69.5, 2, IF(H10>59.5, 3, IF(H10>54.5, 4, IF(H10>49.5, 5, IF(H10>44.5, 6, IF(H10>39.5, 7, IF(H10>33.5, 8, IF(H10>-1, 9))))))))) -> 9 | K10: =VLOOKUP(H10,'GRADING SYSTEM'!$D$15:$F$23,3) -> FAIL
A11: ='Info List'!A10 -> BHS9008 | B11: ='Info List'!B10 -> BAAH JOSEPHINE KONADU | C11: ='Info List'!C10 -> 9 | E11: =0.5*D11 -> 0 | G11: =0.5*F11 -> 0 | H11: =E11+G11 -> 0 | I11: =RANK(H11,$H$4:$H$32) -> 2 | J11: =IF(H11>79.5, 1, IF(H11>69.5, 2, IF(H11>59.5, 3, IF(H11>54.5, 4, IF(H11>49.5, 5, IF(H11>44.5, 6, IF(H11>39.5, 7, IF(H11>33.5, 8, IF(H11>-1, 9))))))))) -> 9 | K11: =VLOOKUP(H11,'GRADING SYSTEM'!$D$15:$F$23,3) -> FAIL
A12: ='Info List'!A11 -> BHS9009 | B12: ='Info List'!B11 -> BAIDOO MIDRED | C12: ='Info List'!C11 -> 9 | E12: =0.5*D12 -> 0 | G12: =0.5*F12 -> 0 | H12: =E12+G12 -> 0 | I12: =RANK(H12,$H$4:$H$32) -> 2 | J12: =IF(H12>79.5, 1, IF(H12>69.5, 2, IF(H12>59.5, 3, IF(H12>54.5, 4, IF(H12>49.5, 5, IF(H12>44.5, 6, IF(H12>39.5, 7, IF(H12>33.5, 8, IF(H12>-1, 9))))))))) -> 9 | K12: =VLOOKUP(H12,'GRADING SYSTEM'!$D$15:$F$23,3) -> FAIL
A13: ='Info List'!A12 -> BHS9010 | B13: ='Info List'!B12 -> BOAKYE KELVIN OWUSU | C13: ='Info List'!C12 -> 9 | E13: =0.5*D13 -> 0 | G13: =0.5*F13 -> 0 | H13: =E13+G13 -> 0 | I13: =RANK(H13,$H$4:$H$32) -> 2 | J13: =IF(H13>79.5, 1, IF(H13>69.5, 2, IF(H13>59.5, 3, IF(H13>54.5, 4, IF(H13>49.5, 5, IF(H13>44.5, 6, IF(H13>39.5, 7, IF(H13>33.5, 8, IF(H13>-1, 9))))))))) -> 9 | K13: =VLOOKUP(H13,'GRADING SYSTEM'!$D$15:$F$23,3) -> FAIL
A14: ='Info List'!A13 -> BHS9011 | B14: ='Info List'!B13 -> BOATENG NICHOLAS KELVIN | C14: ='Info List'!C13 -> 9 | E14: =0.5*D14 -> 0 | G14: =0.5*F14 -> 0 | H14: =E14+G14 -> 0 | I14: =RANK(H14,$H$4:$H$32) -> 2 | J14: =IF(H14>79.5, 1, IF(H14>69.5, 2, IF(H14>59.5, 3, IF(H14>54.5, 4, IF(H14>49.5, 5, IF(H14>44.5, 6, IF(H14>39.5, 7, IF(H14>33.5, 8, IF(H14>-1, 9))))))))) -> 9 | K14: =VLOOKUP(H14,'GRADING SYSTEM'!$D$15:$F$23,3) -> FAIL
A15: ='Info List'!A14 -> BHS9012 | B15: ='Info List'!B14 -> CHARKITEY JOSEPH TETTEY EMEKOH | C15: ='Info List'!C14 -> 9 | E15: =0.5*D15 -> 0 | G15: =0.5*F15 -> 0 | H15: =E15+G15 -> 0 | I15: =RANK(H15,$H$4:$H$32) -> 2 | J15: =IF(H15>79.5, 1, IF(H15>69.5, 2, IF(H15>59.5, 3, IF(H15>54.5, 4, IF(H15>49.5, 5, IF(H15>44.5, 6, IF(H15>39.5, 7, IF(H15>33.5, 8, IF(H15>-1, 9))))))))) -> 9 | K15: =VLOOKUP(H15,'GRADING SYSTEM'!$D$15:$F$23,3) -> FAIL
A16: ='Info List'!A15 -> BHS9013 | B16: ='Info List'!B15 -> DANKWAH AMA JANEL | C16: ='Info List'!C15 -> 9 | E16: =0.5*D16 -> 0 | G16: =0.5*F16 -> 0 | H16: =E16+G16 -> 0 | I16: =RANK(H16,$H$4:$H$32) -> 2 | J16: =IF(H16>79.5, 1, IF(H16>69.5, 2, IF(H16>59.5, 3, IF(H16>54.5, 4, IF(H16>49.5, 5, IF(H16>44.5, 6, IF(H16>39.5, 7, IF(H16>33.5, 8, IF(H16>-1, 9))))))))) -> 9 | K16: =VLOOKUP(H16,'GRADING SYSTEM'!$D$15:$F$23,3) -> FAIL
... A32: ='Info List'!A31 -> BHS9029 | B32: ='Info List'!B31 -> YEVAKPOR SYLVIA EYRAM | C32: ='Info List'!C31 -> 9 | E32: =0.5*D32 -> 0 | G32: =0.5*F32 -> 0 | H32: =E32+G32 -> 0 | I32: =RANK(H32,$H$4:$H$32) -> 2 | J32: =IF(H32>79.5, 1, IF(H32>69.5, 2, IF(H32>59.5, 3, IF(H32>54.5, 4, IF(H32>49.5, 5, IF(H32>44.5, 6, IF(H32>39.5, 7, IF(H32>33.5, 8, IF(H32>-1, 9))))))))) -> 9 | K32: =VLOOKUP(H32,'GRADING SYSTEM'!$D$15:$F$23,3) -> FAIL

Sheet GRADING SYSTEM
A1: SCORE | B1: HEADMASTER'S REMARKS | J1: CLASS TEACHER'S REMARKS
A2: 0 | B2: Below average, must buck up. | J2: Below average, you must work hard. There is the need for parental support.
A3: 400 | B3: Below average, must buck up. | J3: Below average, you must work hard. There is the need for parental support.
A4: 450 | B4: Must work hard. | J4: You must sit up.
A5: 500 | B5: Average performance | J5: There is more room for improvement.
A6: 600 | B6: Good, can do better. | J6: Well done, but you can do better.
A7: 650 | B7: Good, can still do better. | J7: Good, keep working hard.
A8: 700 | B8: Very good, keep working hard | J8: Good work done, keep improving.
A9: 750 | B9: Excellent, keep it up. Do not rest on your oars. | J9: Excellent, keep it up.
A10: 800 | B10: That's an impressive performance, soar higher. | J10: Excellent, performance.
D13: GENERAL GRADING SYSTEM
D14: SCORE | E14: GRADE | F14: REMARKS
D15: 0 | E15: 9 | F15: FAIL
D16: 35 | E16: 8 | F16: WEAK PASS
D17: 40 | E17: 7 | F17: PASS
D18: 45 | E18: 6 | F18: LOW AVERAGE
D19: 50 | E19: 5 | F19: AVERAGE
D20: 55 | E20: 4 | F20: HIGH AVERAGE
D21: 60 | E21: 3 | F21: GOOD
D22: 70 | E22: 2 | F22: VERY GOOD
D23: 80 | E23: 1 | F23: EXCELLENT

Sheet TR ANALYSIS
A1: ID | B1: NAME OF STUDENT | C1: FORM | D1: NO. ON ROLL | E1: TERM | F1: NEXT TERM FEES | G1: ARREARS | H1: MAINTENACE | I1: SPORTS | J1: TOILETRIES | K1: TOTAL FEES | L1: ATT. | M1: TOTAL ATT. | N1: ENGLISH CLASS SCORE | O1: ENGLISH EXAM SCORE | P1: TOTAL SCORE | Q1: POSITION IN SUBJECT | R1: GRADE | S1: REMARKS | T1: MATHEMATICS CLASS SCORE | U1: MATHEMATICS EXAM SCORE | V1: TOTAL SCORE | W1: POSITION IN SUBJECT | X1: GRADE | Y1: REMARKS | Z1: SCIENCE CLASS SCORE | AA1: SCIENCE EXAM SCORE | AB1: TOTAL SCORE | AC1: POSITION IN SUBJECT | AD1: GRADE | AE1: REMARKS | AF1: SOCIAL STUDIES CLASS SCORE | AG1: SOCIAL STUDIES EXAM SCORE | AH1: TOTAL SCORE | AI1: POSITION IN SUBJECT | AJ1: GRADE | AK1: REMARKS | AL1: RELIGIOUS AND MORAL EDUCATION CLASS SCORE | AM1: RELIGIOUS AND MORAL EDUCATION EXAM SCORE | AN1: TOTAL SCORE | AO1: POSITION IN SUBJECT | AP1: GRADE | AQ1: REMARKS | AR1: COMPUTING CLASS SCORE | AS1: COMPUTING EXAM SCORE | AT1: TOTAL SCORE | AU1: POSITION IN SUBJECT | AV1: GRADE | AW1: REMARKS | AX1: CAD CLASS SCORE | AY1: CAD EXAMS SCORE | AZ1: TOTAL SCORE | BA1: POSTION IN SUBJECT | BB1: GRADE | BC1: REMARKS | BD1: CAREER TECHNOLOGY CLASS SCORE | BE1: CAREER TECHNOLOGY EXAM SCORE | BF1: TOTAL SCORE | BG1: POSITION IN SUBJECT | BH1: GRADE | BI1: REMARKS | BJ1: FANTE CLASS SCORE | BK1: FANTE EXAM SCORE | BL1: TOTAL SCORE | BM1: POSITION IN SUBJECT | BN1: GRADE | BO1: REMARKS | BP1: GRAND TOTAL | BQ1: POSITION IN CLASS | BR1: HEADMASTERS'S REMARKS | BS1: CLASS TEACHER'S REMARKS | BU1: CONDUCT/ATTITUDE | BV1: INTEREST | BW1: ENGLISH GRADE | BX1: MATHS GRADE | BY1: SCIENCE GRADE | BZ1: SOCIAL GRADE | CA1: R.M.E GRADE | CB1: I.C.T GRADE | CC1: CAD GRADE | CD1: CAREER GRADE | CE1: FANTE GRADE | CF1: AGGREGATE | CG1: YEAR | CH1: CONDUCT | CI1: INTEREST | CK1: P Ex | CL1: P good | CM1: P av | CN1: P BA | CO1: N Ex | CP1: N good | CQ1: N av | CR1: N BA | CS1: POL Ex | CT1: POL good | CU1: POL av | CV1: POL BA | CW1: ATT Ex | CX1: ATT good | CY1: ATT av | CZ1: ATT BA | DA1: TIVE Ex | DB1: TIVE good | DC1: TIVE av | DD1: TIVE BA | DE1: H Ex | DF1: H good | DG1: H av | DH1: HBA
A2: ='Info List'!A3 -> BHS9001 | B2: ='Info List'!B3 -> ABRAKWAH EVA OWUSUAA | C2: ='Info List'!C3 -> 9 | D2: ='Info List'!$D$3 -> 29 | E2: ONE | F2: 0 | G2: 0 | H2: 0 | I2: 0 | J2: 0 | K2: =SUM(F2:J2) -> 0 | L2: ='Info List'!F3 -> 0 | M2: ='Info List'!$G$3 -> 0 | N2: =ENGLISH!E4 -> 44.5 | O2: =ENGLISH!G4 -> 48 | P2: =ENGLISH!H4 -> 92.5 | Q2: =ENGLISH!I4 -> 1 | R2: =ENGLISH!J4 -> 1 | S2: =ENGLISH!K4 -> EXCELLENT | T2: =MATHS!E4 -> 39 | U2: =MATHS!G4 -> 42.5 | V2: =MATHS!H4 -> 81.5 | W2: =MATHS!I4 -> 1 | X2: =MATHS!J4 -> 1 | Y2: =MATHS!K4 -> EXCELLENT | Z2: =SCIENCE!E4 -> 40 | AA2: =SCIENCE!G4 -> 45 | AB2: =SCIENCE!H4 -> 85 | AC2: =SCIENCE!I4 -> 1 | AD2: =SCIENCE!J4 -> 1 | AE2: =SCIENCE!K4 -> EXCELLENT | AF2: =SOCIAL!E4 -> 43 | AG2: =SOCIAL!G4 -> 40.5 | AH2: =SOCIAL!H4 -> 83.5 | AI2: =SOCIAL!I4 -> 1 | AJ2: =SOCIAL!J4 -> 1 | AK2: =SOCIAL!K4 -> EXCELLENT | AL2: ='R.M.E'!E4 -> 45.5 | AM2: ='R.M.E'!G4 -> 35 | AN2: ='R.M.E'!H4 -> 80.5 | AO2: ='R.M.E'!I4 -> 1 | AP2: ='R.M.E'!J4 -> 1 | AQ2: ='R.M.E'!K4 -> EXCELLENT | AR2: =COMPUTING!E4 -> 49 | AS2: =COMPUTING!G4 -> 47 | AT2: =COMPUTING!H4 -> 96 | AU2: =COMPUTING!I4 -> 1 | AV2: =COMPUTING!J4 -> 1 | AW2: =COMPUTING!K4 -> EXCELLENT | AX2: =CAD!E4 -> 38 | AY2: =CAD!G4 -> 41 | AZ2: =CAD!H4 -> 79 | BA2: =CAD!I4 -> 1 | BB2: =CAD!J4 -> 2 | BC2: =CAD!K4 -> VERY GOOD | BD2: =CAREER!E4 -> 44 | BE2: =CAREER!G4 -> 43 | BF2: =CAREER!H4 -> 87 | BG2: =CAREER!I4 -> 1 | BH2: =CAREER!J4 -> 1 | BI2: =CAREER!K4 -> EXCELLENT | BJ2: =FANTE!E4 -> 41.5 | BK2: =FANTE!G4 -> 40 | BL2: =FANTE!H4 -> 81.5 | BM2: =FANTE!I4 -> 1 | BN2: =FANTE!J4 -> 1 | BO2: =FANTE!K4 -> EXCELLENT | BP2: =P2+V2+AB2+AH2+AN2+AT2+AZ2+BF2+BL2 -> 766.5 | BQ2: =_xlfn.RANK.EQ(BP2,$BP$2:$BP$30) & IF(AND(MOD(_xlfn.RANK.EQ(BP2,$BP$2:$BP$30),100)>=11, MOD(_xlfn.RANK.EQ(BP2,$BP$2:$BP$30),100)<=13), "th", CHOOSE(MOD(_xlfn.RANK.EQ(BP2,$BP$2:$BP$30),10)+1, "th","st","nd","rd","th","th","th","th","th","th")) -> 1st | BR2: =VLOOKUP(BP2,'GRADING SYSTEM'!$A$1:$P$10,2) -> Excellent, keep it up. Do not rest on your oars. | BS2: =VLOOKUP(BP2,'GRADING SYSTEM'!$A$1:$P$10,10) -> Excellent, keep it up. | BT2: =B2 -> ABRAKWAH EVA OWUSUAA | BU2: Shows good leadership qualities | BV2: Computing and coding | BW2: =R2 -> 1 | BX2: =X2 -> 1 | BY2: =AD2 -> 1 | BZ2: =AJ2 -> 1 | CA2: =AP2 -> 1 | CB2: =AV2 -> 1 | CC2: =CAD!J4 -> 2 | CD2: =BH2 -> 1 | CE2: =BN2 -> 1 | CF2: =SUM((SMALL(BW2:CE2,{1,2,3,5,5,6}))) -> 6 | CG2: 2025/26 | CH2: Honest | CI2: Dancing | CJ2: =B2 -> ABRAKWAH EVA OWUSUAA | CK2: √ | CP2: √ | CS2: √ | CX2: √ | DB2: √ | DG2: √
A3: ='Info List'!A4 -> BHS9002 | B3: ='Info List'!B4 -> ADZILAFU EDWARD | C3: ='Info List'!C4 -> 9 | D3: ='Info List'!$D$3 -> 29 | E3: ONE | F3: 0 | G3: 0 | H3: 0 | I3: 0 | J3: 0 | K3: =SUM(F3:J3) -> 0 | L3: ='Info List'!F4 -> 0 | M3: ='Info List'!$G$3 -> 0 | N3: =ENGLISH!E5 -> 35 | O3: =ENGLISH!G5 -> 0 | P3: =ENGLISH!H5 -> 35 | Q3: =ENGLISH!I5 -> 29 | R3: =ENGLISH!J5 -> 8 | S3: =ENGLISH!K5 -> WEAK PASS | T3: =MATHS!E5 -> 35 | U3: =MATHS!G5 -> 0 | V3: =MATHS!H5 -> 35 | W3: =MATHS!I5 -> 29 | X3: =MATHS!J5 -> 8 | Y3: =MATHS!K5 -> WEAK PASS | Z3: =SCIENCE!E5 -> 35 | AA3: =SCIENCE!G5 -> 0 | AB3: =SCIENCE!H5 -> 35 | AC3: =SCIENCE!I5 -> 29 | AD3: =SCIENCE!J5 -> 8 | AE3: =SCIENCE!K5 -> WEAK PASS | AF3: =SOCIAL!E5 -> 35 | AG3: =SOCIAL!G5 -> 0 | AH3: =SOCIAL!H5 -> 35 | AI3: =SOCIAL!I5 -> 29 | AJ3: =SOCIAL!J5 -> 8 | AK3: =SOCIAL!K5 -> WEAK PASS | AL3: ='R.M.E'!E5 -> 0 | AM3: ='R.M.E'!G5 -> 0 | AN3: ='R.M.E'!H5 -> 0 | AO3: ='R.M.E'!I5 -> 2 | AP3: ='R.M.E'!J5 -> 9 | AQ3: ='R.M.E'!K5 -> FAIL | AR3: =COMPUTING!E5 -> 0 | AS3: =COMPUTING!G5 -> 0 | AT3: =COMPUTING!H5 -> 0 | AU3: =COMPUTING!I5 -> 2 | AV3: =COMPUTING!J5 -> 9 | AW3: =COMPUTING!K5 -> FAIL | AX3: =CAD!E5 -> 0 | AY3: =CAD!G5 -> 0 | AZ3: =CAD!H5 -> 0 | BA3: =CAD!I5 -> 2 | BB3: =CAD!J5 -> 9 | BC3: =CAD!K5 -> FAIL | BD3: =CAREER!E5 -> 0 | BE3: =CAREER!G5 -> 0 | BF3: =CAREER!H5 -> 0 | BG3: =CAREER!I5 -> 2 | BH3: =CAREER!J5 -> 9 | BI3: =CAREER!K5 -> FAIL | BJ3: =FANTE!E5 -> 0 | BK3: =FANTE!G5 -> 0 | BL3: =FANTE!H5 -> 0 | BM3: =FANTE!I5 -> 2 | BN3: =FANTE!J5 -> 9 | BO3: =FANTE!K5 -> FAIL | BP3: =P3+V3+AB3+AH3+AN3+AT3+AZ3+BF3+BL3 -> 140 | BQ3: =_xlfn.RANK.EQ(BP3,$BP$2:$BP$30) & IF(AND(MOD(_xlfn.RANK.EQ(BP3,$BP$2:$BP$30),100)>=11, MOD(_xlfn.RANK.EQ(BP3,$BP$2:$BP$30),100)<=13), "th", CHOOSE(MOD(_xlfn.RANK.EQ(BP3,$BP$2:$BP$30),10)+1, "th","st","nd","rd","th","th","th","th","th","th")) -> 29th | BR3: =VLOOKUP(BP3,'GRADING SYSTEM'!$A$1:$P$10,2) -> Below average, must buck up. | BS3: =VLOOKUP(BP3,'GRADING SYSTEM'!$A$1:$P$10,10) -> Below average, you must work hard. There is the need for parental support. | BT3: =B3 -> ADZILAFU EDWARD | BU3: Keeps class rules consistently | BV3: Research and discovery | BW3: =R3 -> 8 | BX3: =X3 -> 8 | BY3: =AD3 -> 8 | BZ3: =AJ3 -> 8 | CA3: =AP3 -> 9 | CB3: =AV3 -> 9 | CC3: =CAD!J5 -> 9 | CD3: =BH3 -> 9 | CE3: =BN3 -> 9 | CF3: =SUM((SMALL(BW3:CE3,{1,2,3,5,5,6}))) -> 51 | CG3: 2025/26 | CH3: Satisfactory | CI3: Modelling | CJ3: =B3 -> ADZILAFU EDWARD | CM3: √ | CO3: √ | CS3: √ | CX3: √ | DC3: √ | DG3: √
A4: ='Info List'!A5 -> BHS9003 | B4: ='Info List'!B5 -> AGYEPONG DASEBRE | C4: ='Info List'!C5 -> 9 | D4: ='Info List'!$D$3 -> 29 | E4: ONE | F4: 0 | G4: 0 | H4: 0 | I4: 0 | J4: 0 | K4: =SUM(F4:J4) -> 0 | L4: ='Info List'!F5 -> 0 | M4: ='Info List'!$G$3 -> 0 | N4: =ENGLISH!E6 -> 35.5 | O4: =ENGLISH!G6 -> 0 | P4: =ENGLISH!H6 -> 35.5 | Q4: =ENGLISH!I6 -> 28 | R4: =ENGLISH!J6 -> 8 | S4: =ENGLISH!K6 -> WEAK PASS | T4: =MATHS!E6 -> 35.5 | U4: =MATHS!G6 -> 0 | V4: =MATHS!H6 -> 35.5 | W4: =MATHS!I6 -> 28 | X4: =MATHS!J6 -> 8 | Y4: =MATHS!K6 -> WEAK PASS | Z4: =SCIENCE!E6 -> 35.5 | AA4: =SCIENCE!G6 -> 0 | AB4: =SCIENCE!H6 -> 35.5 | AC4: =SCIENCE!I6 -> 28 | AD4: =SCIENCE!J6 -> 8 | AE4: =SCIENCE!K6 -> WEAK PASS | AF4: =SOCIAL!E6 -> 35.5 | AG4: =SOCIAL!G6 -> 0 | AH4: =SOCIAL!H6 -> 35.5 | AI4: =SOCIAL!I6 -> 28 | AJ4: =SOCIAL!J6 -> 8 | AK4: =SOCIAL!K6 -> WEAK PASS | AL4: ='R.M.E'!E6 -> 0 | AM4: ='R.M.E'!G6 -> 0 | AN4: ='R.M.E'!H6 -> 0 | AO4: ='R.M.E'!I6 -> 2 | AP4: ='R.M.E'!J6 -> 9 | AQ4: ='R.M.E'!K6 -> FAIL | AR4: =COMPUTING!E6 -> 0 | AS4: =COMPUTING!G6 -> 0 | AT4: =COMPUTING!H6 -> 0 | AU4: =COMPUTING!I6 -> 2 | AV4: =COMPUTING!J6 -> 9 | AW4: =COMPUTING!K6 -> FAIL | AX4: =CAD!E6 -> 0 | AY4: =CAD!G6 -> 0 | AZ4: =CAD!H6 -> 0 | BA4: =CAD!I6 -> 2 | BB4: =CAD!J6 -> 9 | BC4: =CAD!K6 -> FAIL | BD4: =CAREER!E6 -> 0 | BE4: =CAREER!G6 -> 0 | BF4: =CAREER!H6 -> 0 | BG4: =CAREER!I6 -> 2 | BH4: =CAREER!J6 -> 9 | BI4: =CAREER!K6 -> FAIL | BJ4: =FANTE!E6 -> 0 | BK4: =FANTE!G6 -> 0 | BL4: =FANTE!H6 -> 0 | BM4: =FANTE!I6 -> 2 | BN4: =FANTE!J6 -> 9 | BO4: =FANTE!K6 -> FAIL | BP4: =P4+V4+AB4+AH4+AN4+AT4+AZ4+BF4+BL4 -> 142 | BQ4: =_xlfn.RANK.EQ(BP4,$BP$2:$BP$30) & IF(AND(MOD(_xlfn.RANK.EQ(BP4,$BP$2:$BP$30),100)>=11, MOD(_xlfn.RANK.EQ(BP4,$BP$2:$BP$30),100)<=13), "th", CHOOSE(MOD(_xlfn.RANK.EQ(BP4,$BP$2:$BP$30),10)+1, "th","st","nd","rd","th","th","th","th","th","th")) -> 28th | BR4: =VLOOKUP(BP4,'GRADING SYSTEM'!$A$1:$P$10,2) -> Below average, must buck up. | BS4: =VLOOKUP(BP4,'GRADING SYSTEM'!$A$1:$P$10,10) -> Below average, you must work hard. There is the need for parental support. | BT4: =B4 -> AGYEPONG DASEBRE | BU4: Listens attentively to instructions | BV4: Poetry | BW4: =R4 -> 8 | BX4: =X4 -> 8 | BY4: =AD4 -> 8 | BZ4: =AJ4 -> 8 | CA4: =AP4 -> 9 | CB4: =AV4 -> 9 | CC4: =CAD!J6 -> 9 | CD4: =BH4 -> 9 | CE4: =BN4 -> 9 | CF4: =SUM((SMALL(BW4:CE4,{1,2,3,5,5,6}))) -> 51 | CG4: 2025/26 | CH4: Punctual | CI4: Drama | CJ4: =B4 -> AGYEPONG DASEBRE | CM4: √ | CP4: √ | CS4: √ | CX4: √ | DB4: √ | DG4: √
A5: ='Info List'!A6 -> BHS9004 | B5: ='Info List'!B6 -> ANIWA JOANA SEYRAM | C5: ='Info List'!C6 -> 9 | D5: ='Info List'!$D$3 -> 29 | E5: ONE | F5: 0 | G5: 0 | H5: 0 | I5: 0 | J5: 0 | K5: =SUM(F5:J5) -> 0 | L5: ='Info List'!F6 -> 0 | M5: ='Info List'!$G$3 -> 0 | N5: =ENGLISH!E7 -> 36 | O5: =ENGLISH!G7 -> 0 | P5: =ENGLISH!H7 -> 36 | Q5: =ENGLISH!I7 -> 27 | R5: =ENGLISH!J7 -> 8 | S5: =ENGLISH!K7 -> WEAK PASS | T5: =MATHS!E7 -> 36 | U5: =MATHS!G7 -> 0 | V5: =MATHS!H7 -> 36 | W5: =MATHS!I7 -> 27 | X5: =MATHS!J7 -> 8 | Y5: =MATHS!K7 -> WEAK PASS | Z5: =SCIENCE!E7 -> 36 | AA5: =SCIENCE!G7 -> 0 | AB5: =SCIENCE!H7 -> 36 | AC5: =SCIENCE!I7 -> 27 | AD5: =SCIENCE!J7 -> 8 | AE5: =SCIENCE!K7 -> WEAK PASS | AF5: =SOCIAL!E7 -> 36 | AG5: =SOCIAL!G7 -> 0 | AH5: =SOCIAL!H7 -> 36 | AI5: =SOCIAL!I7 -> 27 | AJ5: =SOCIAL!J7 -> 8 | AK5: =SOCIAL!K7 -> WEAK PASS | AL5: ='R.M.E'!E7 -> 0 | AM5: ='R.M.E'!G7 -> 0 | AN5: ='R.M.E'!H7 -> 0 | AO5: ='R.M.E'!I7 -> 2 | AP5: ='R.M.E'!J7 -> 9 | AQ5: ='R.M.E'!K7 -> FAIL | AR5: =COMPUTING!E7 -> 0 | AS5: =COMPUTING!G7 -> 0 | AT5: =COMPUTING!H7 -> 0 | AU5: =COMPUTING!I7 -> 2 | AV5: =COMPUTING!J7 -> 9 | AW5: =COMPUTING!K7 -> FAIL | AX5: =CAD!E7 -> 0 | AY5: =CAD!G7 -> 0 | AZ5: =CAD!H7 -> 0 | BA5: =CAD!I7 -> 2 | BB5: =CAD!J7 -> 9 | BC5: =CAD!K7 -> FAIL | BD5: =CAREER!E7 -> 0 | BE5: =CAREER!G7 -> 0 | BF5: =CAREER!H7 -> 0 | BG5: =CAREER!I7 -> 2 | BH5: =CAREER!J7 -> 9 | BI5: =CAREER!K7 -> FAIL | BJ5: =FANTE!E7 -> 0 | BK5: =FANTE!G7 -> 0 | BL5: =FANTE!H7 -> 0 | BM5: =FANTE!I7 -> 2 | BN5: =FANTE!J7 -> 9 | BO5: =FANTE!K7 -> FAIL | BP5: =P5+V5+AB5+AH5+AN5+AT5+AZ5+BF5+BL5 -> 144 | BQ5: =_xlfn.RANK.EQ(BP5,$BP$2:$BP$30) & IF(AND(MOD(_xlfn.RANK.EQ(BP5,$BP$2:$BP$30),100)>=11, MOD(_xlfn.RANK.EQ(BP5,$BP$2:$BP$30),100)<=13), "th", CHOOSE(MOD(_xlfn.RANK.EQ(BP5,$BP$2:$BP$30),10)+1, "th","st","nd","rd","th","th","th","th","th","th")) -> 27th | BR5: =VLOOKUP(BP5,'GRADING SYSTEM'!$A$1:$P$10,2) -> Below average, must buck up. | BS5: =VLOOKUP(BP5,'GRADING SYSTEM'!$A$1:$P$10,10) -> Below average, you must work hard. There is the need for parental support. | BT5: =B5 -> ANIWA JOANA SEYRAM | BU5: Approaches tasks seriously | BV5: Public speaking | BW5: =R5 -> 8 | BX5: =X5 -> 8 | BY5: =AD5 -> 8 | BZ5: =AJ5 -> 8 | CA5: =AP5 -> 9 | CB5: =AV5 -> 9 | CC5: =CAD!J7 -> 9 | CD5: =BH5 -> 9 | CE5: =BN5 -> 9 | CF5: =SUM((SMALL(BW5:CE5,{1,2,3,5,5,6}))) -> 51 | CG5: 2025/26 | CH5: Obedient and sincere | CI5: Athletics | CJ5: =B5 -> ANIWA JOANA SEYRAM | CK5: √ | CO5: √ | CS5: √ | CX5: √ | DC5: √ | DG5: √
A6: ='Info List'!A7 -> BHS9005 | B6: ='Info List'!B7 -> ANNAN AGNES | C6: ='Info List'!C7 -> 9 | D6: ='Info List'!$D$3 -> 29 | E6: ONE | F6: 0 | G6: 0 | H6: 0 | I6: 0 | J6: 0 | K6: =SUM(F6:J6) -> 0 | L6: ='Info List'!F7 -> 0 | M6: ='Info List'!$G$3 -> 0 | N6: =ENGLISH!E8 -> 36.5 | O6: =ENGLISH!G8 -> 0 | P6: =ENGLISH!H8 -> 36.5 | Q6: =ENGLISH!I8 -> 26 | R6: =ENGLISH!J8 -> 8 | S6: =ENGLISH!K8 -> WEAK PASS | T6: =MATHS!E8 -> 36.5 | U6: =MATHS!G8 -> 0 | V6: =MATHS!H8 -> 36.5 | W6: =MATHS!I8 -> 26 | X6: =MATHS!J8 -> 8 | Y6: =MATHS!K8 -> WEAK PASS | Z6: =SCIENCE!E8 -> 36.5 | AA6: =SCIENCE!G8 -> 0 | AB6: =SCIENCE!H8 -> 36.5 | AC6: =SCIENCE!I8 -> 26 | AD6: =SCIENCE!J8 -> 8 | AE6: =SCIENCE!K8 -> WEAK PASS | AF6: =SOCIAL!E8 -> 36.5 | AG6: =SOCIAL!G8 -> 0 | AH6: =SOCIAL!H8 -> 36.5 | AI6: =SOCIAL!I8 -> 26 | AJ6: =SOCIAL!J8 -> 8 | AK6: =SOCIAL!K8 -> WEAK PASS | AL6: ='R.M.E'!E8 -> 0 | AM6: ='R.M.E'!G8 -> 0 | AN6: ='R.M.E'!H8 -> 0 | AO6: ='R.M.E'!I8 -> 2 | AP6: ='R.M.E'!J8 -> 9 | AQ6: ='R.M.E'!K8 -> FAIL | AR6: =COMPUTING!E8 -> 0 | AS6: =COMPUTING!G8 -> 0 | AT6: =COMPUTING!H8 -> 0 | AU6: =COMPUTING!I8 -> 2 | AV6: =COMPUTING!J8 -> 9 | AW6: =COMPUTING!K8 -> FAIL | AX6: =CAD!E8 -> 0 | AY6: =CAD!G8 -> 0 | AZ6: =CAD!H8 -> 0 | BA6: =CAD!I8 -> 2 | BB6: =CAD!J8 -> 9 | BC6: =CAD!K8 -> FAIL | BD6: =CAREER!E8 -> 0 | BE6: =CAREER!G8 -> 0 | BF6: =CAREER!H8 -> 0 | BG6: =CAREER!I8 -> 2 | BH6: =CAREER!J8 -> 9 | BI6: =CAREER!K8 -> FAIL | BJ6: =FANTE!E8 -> 0 | BK6: =FANTE!G8 -> 0 | BL6: =FANTE!H8 -> 0 | BM6: =FANTE!I8 -> 2 | BN6: =FANTE!J8 -> 9 | BO6: =FANTE!K8 -> FAIL | BP6: =P6+V6+AB6+AH6+AN6+AT6+AZ6+BF6+BL6 -> 146 | BQ6: =_xlfn.RANK.EQ(BP6,$BP$2:$BP$30) & IF(AND(MOD(_xlfn.RANK.EQ(BP6,$BP$2:$BP$30),100)>=11, MOD(_xlfn.RANK.EQ(BP6,$BP$2:$BP$30),100)<=13), "th", CHOOSE(MOD(_xlfn.RANK.EQ(BP6,$BP$2:$BP$30),10)+1, "th","st","nd","rd","th","th","th","th","th","th")) -> 26th | BR6: =VLOOKUP(BP6,'GRADING SYSTEM'!$A$1:$P$10,2) -> Below average, must buck up. | BS6: =VLOOKUP(BP6,'GRADING SYSTEM'!$A$1:$P$10,10) -> Below average, you must work hard. There is the need for parental support. | BT6: =B6 -> ANNAN AGNES | BU6: Demonstrates good cooperation in group work | BV6: Research and discovery | BW6: =R6 -> 8 | BX6: =X6 -> 8 | BY6: =AD6 -> 8 | BZ6: =AJ6 -> 8 | CA6: =AP6 -> 9 | CB6: =AV6 -> 9 | CC6: =CAD!J8 -> 9 | CD6: =BH6 -> 9 | CE6: =BN6 -> 9 | CF6: =SUM((SMALL(BW6:CE6,{1,2,3,5,5,6}))) -> 51 | CG6: 2025/26 | CH6: Regular in school | CI6: Reading | CJ6: =B6 -> ANNAN AGNES | CM6: √ | CP6: √ | CS6: √ | CX6: √ | DB6: √ | DG6: √
A7: ='Info List'!A8 -> BHS9006 | B7: ='Info List'!B8 -> ARTHUR LILLIAN ABENA | C7: ='Info List'!C8 -> 9 | D7: ='Info List'!$D$3 -> 29 | E7: ONE | F7: 0 | G7: 0 | H7: 0 | I7: 0 | J7: 0 | K7: =SUM(F7:J7) -> 0 | L7: ='Info List'!F8 -> 0 | M7: ='Info List'!$G$3 -> 0 | N7: =ENGLISH!E9 -> 37 | O7: =ENGLISH!G9 -> 0 | P7: =ENGLISH!H9 -> 37 | Q7: =ENGLISH!I9 -> 25 | R7: =ENGLISH!J9 -> 8 | S7: =ENGLISH!K9 -> WEAK PASS | T7: =MATHS!E9 -> 37 | U7: =MATHS!G9 -> 0 | V7: =MATHS!H9 -> 37 | W7: =MATHS!I9 -> 25 | X7: =MATHS!J9 -> 8 | Y7: =MATHS!K9 -> WEAK PASS | Z7: =SCIENCE!E9 -> 37 | AA7: =SCIENCE!G9 -> 0 | AB7: =SCIENCE!H9 -> 37 | AC7: =SCIENCE!I9 -> 25 | AD7: =SCIENCE!J9 -> 8 | AE7: =SCIENCE!K9 -> WEAK PASS | AF7: =SOCIAL!E9 -> 37 | AG7: =SOCIAL!G9 -> 0 | AH7: =SOCIAL!H9 -> 37 | AI7: =SOCIAL!I9 -> 25 | AJ7: =SOCIAL!J9 -> 8 | AK7: =SOCIAL!K9 -> WEAK PASS | AL7: ='R.M.E'!E9 -> 0 | AM7: ='R.M.E'!G9 -> 0 | AN7: ='R.M.E'!H9 -> 0 | AO7: ='R.M.E'!I9 -> 2 | AP7: ='R.M.E'!J9 -> 9 | AQ7: ='R.M.E'!K9 -> FAIL | AR7: =COMPUTING!E9 -> 0 | AS7: =COMPUTING!G9 -> 0 | AT7: =COMPUTING!H9 -> 0 | AU7: =COMPUTING!I9 -> 2 | AV7: =COMPUTING!J9 -> 9 | AW7: =COMPUTING!K9 -> FAIL | AX7: =CAD!E9 -> 0 | AY7: =CAD!G9 -> 0 | AZ7: =CAD!H9 -> 0 | BA7: =CAD!I9 -> 2 | BB7: =CAD!J9 -> 9 | BC7: =CAD!K9 -> FAIL | BD7: =CAREER!E9 -> 0 | BE7: =CAREER!G9 -> 0 | BF7: =CAREER!H9 -> 0 | BG7: =CAREER!I9 -> 2 | BH7: =CAREER!J9 -> 9 | BI7: =CAREER!K9 -> FAIL | BJ7: =FANTE!E9 -> 0 | BK7: =FANTE!G9 -> 0 | BL7: =FANTE!H9 -> 0 | BM7: =FANTE!I9 -> 2 | BN7: =FANTE!J9 -> 9 | BO7: =FANTE!K9 -> FAIL | BP7: =P7+V7+AB7+AH7+AN7+AT7+AZ7+BF7+BL7 -> 148 | BQ7: =_xlfn.RANK.EQ(BP7,$BP$2:$BP$30) & IF(AND(MOD(_xlfn.RANK.EQ(BP7,$BP$2:$BP$30),100)>=11, MOD(_xlfn.RANK.EQ(BP7,$BP$2:$BP$30),100)<=13), "th", CHOOSE(MOD(_xlfn.RANK.EQ(BP7,$BP$2:$BP$30),10)+1, "th","st","nd","rd","th","th","th","th","th","th")) -> 25th | BR7: =VLOOKUP(BP7,'GRADING SYSTEM'!$A$1:$P$10,2) -> Below average, must buck up. | BS7: =VLOOKUP(BP7,'GRADING SYSTEM'!$A$1:$P$10,10) -> Below average, you must work hard. There is the need for parental support. | BT7: =B7 -> ARTHUR LILLIAN ABENA | BW7: =R7 -> 8 | BX7: =X7 -> 8 | BY7: =AD7 -> 8 | BZ7: =AJ7 -> 8 | CA7: =AP7 -> 9 | CB7: =AV7 -> 9 | CC7: =CAD!J9 -> 9 | CD7: =BH7 -> 9 | CE7: =BN7 -> 9 | CF7: =SUM((SMALL(BW7:CE7,{1,2,3,5,5,6}))) -> 51 | CG7: 2025/26 | CH7: Disciplined and well mannered | CI7: Acting | CJ7: =B7 -> ARTHUR LILLIAN ABENA | CK7: √ | CQ7: √ | CS7: √ | CX7: √ | DC7: √ | DG7: √
A8: ='Info List'!A9 -> BHS9007 | B8: ='Info List'!B9 -> ASARE JACOB | C8: ='Info List'!C9 -> 9 | D8: ='Info List'!$D$3 -> 29 | E8: ONE | F8: 0 | G8: 0 | H8: 0 | I8: 0 | J8: 0 | K8: =SUM(F8:J8) -> 0 | L8: ='Info List'!F9 -> 0 | M8: ='Info List'!$G$3 -> 0 | N8: =ENGLISH!E10 -> 37.5 | O8: =ENGLISH!G10 -> 0 | P8: =ENGLISH!H10 -> 37.5 | Q8: =ENGLISH!I10 -> 24 | R8: =ENGLISH!J10 -> 8 | S8: =ENGLISH!K10 -> WEAK PASS | T8: =MATHS!E10 -> 37.5 | U8: =MATHS!G10 -> 0 | V8: =MATHS!H10 -> 37.5 | W8: =MATHS!I10 -> 24 | X8: =MATHS!J10 -> 8 | Y8: =MATHS!K10 -> WEAK PASS | Z8: =SCIENCE!E10 -> 37.5 | AA8: =SCIENCE!G10 -> 0 | AB8: =SCIENCE!H10 -> 37.5 | AC8: =SCIENCE!I10 -> 24 | AD8: =SCIENCE!J10 -> 8 | AE8: =SCIENCE!K10 -> WEAK PASS | AF8: =SOCIAL!E10 -> 37.5 | AG8: =SOCIAL!G10 -> 0 | AH8: =SOCIAL!H10 -> 37.5 | AI8: =SOCIAL!I10 -> 24 | AJ8: =SOCIAL!J10 -> 8 | AK8: =SOCIAL!K10 -> WEAK PASS | AL8: ='R.M.E'!E10 -> 0 | AM8: ='R.M.E'!G10 -> 0 | AN8: ='R.M.E'!H10 -> 0 | AO8: ='R.M.E'!I10 -> 2 | AP8: ='R.M.E'!J10 -> 9 | AQ8: ='R.M.E'!K10 -> FAIL | AR8: =COMPUTING!E10 -> 0 | AS8: =COMPUTING!G10 -> 0 | AT8: =COMPUTING!H10 -> 0 | AU8: =COMPUTING!I10 -> 2 | AV8: =COMPUTING!J10 -> 9 | AW8: =COMPUTING!K10 -> FAIL | AX8: =CAD!E10 -> 0 | AY8: =CAD!G10 -> 0 | AZ8: =CAD!H10 -> 0 | BA8: =CAD!I10 -> 2 | BB8: =CAD!J10 -> 9 | BC8: =CAD!K10 -> FAIL | BD8: =CAREER!E10 -> 0 | BE8: =CAREER!G10 -> 0 | BF8: =CAREER!H10 -> 0 | BG8: =CAREER!I10 -> 2 | BH8: =CAREER!J10 -> 9 | BI8: =CAREER!K10 -> FAIL | BJ8: =FANTE!E10 -> 0 | BK8: =FANTE!G10 -> 0 | BL8: =FANTE!H10 -> 0 | BM8: =FANTE!I10 -> 2 | BN8: =FANTE!J10 -> 9 | BO8: =FANTE!K10 -> FAIL | BP8: =P8+V8+AB8+AH8+AN8+AT8+AZ8+BF8+BL8 -> 150 | BQ8: =_xlfn.RANK.EQ(BP8,$BP$2:$BP$30) & IF(AND(MOD(_xlfn.RANK.EQ(BP8,$BP$2:$BP$30),100)>=11, MOD(_xlfn.RANK.EQ(BP8,$BP$2:$BP$30),100)<=13), "th", CHOOSE(MOD(_xlfn.RANK.EQ(BP8,$BP$2:$BP$30),10)+1, "th","st","nd","rd","th","th","th","th","th","th")) -> 24th | BR8: =VLOOKUP(BP8,'GRADING SYSTEM'!$A$1:$P$10,2) -> Below average, must buck up. | BS8: =VLOOKUP(BP8,'GRADING SYSTEM'!$A$1:$P$10,10) -> Below average, you must work hard. There is the need for parental support. | BT8: =B8 -> ASARE JACOB | BW8: =R8 -> 8 | BX8: =X8 -> 8 | BY8: =AD8 -> 8 | BZ8: =AJ8 -> 8 | CA8: =AP8 -> 9 | CB8: =AV8 -> 9 | CC8: =CAD!J10 -> 9 | CD8: =BH8 -> 9 | CE8: =BN8 -> 9 | CF8: =SUM((SMALL(BW8:CE8,{1,2,3,5,5,6}))) -> 51 | CG8: 2025/26 | CH8: Very industrious | CI8: Arts | CJ8: =B8 -> ASARE JACOB | CM8: √ | CO8: √ | CS8: √ | CX8: √ | DB8: √ | DG8: √
A9: ='Info List'!A10 -> BHS9008 | B9: ='Info List'!B10 -> BAAH JOSEPHINE KONADU | C9: ='Info List'!C10 -> 9 | D9: ='Info List'!$D$3 -> 29 | E9: ONE | F9: 0 | G9: 0 | H9: 0 | I9: 0 | J9: 0 | K9: =SUM(F9:J9) -> 0 | L9: ='Info List'!F10 -> 0 | M9: ='Info List'!$G$3 -> 0 | N9: =ENGLISH!E11 -> 38 | O9: =ENGLISH!G11 -> 0 | P9: =ENGLISH!H11 -> 38 | Q9: =ENGLISH!I11 -> 23 | R9: =ENGLISH!J11 -> 8 | S9: =ENGLISH!K11 -> WEAK PASS | T9: =MATHS!E11 -> 38 | U9: =MATHS!G11 -> 0 | V9: =MATHS!H11 -> 38 | W9: =MATHS!I11 -> 23 | X9: =MATHS!J11 -> 8 | Y9: =MATHS!K11 -> WEAK PASS | Z9: =SCIENCE!E11 -> 38 | AA9: =SCIENCE!G11 -> 0 | AB9: =SCIENCE!H11 -> 38 | AC9: =SCIENCE!I11 -> 23 | AD9: =SCIENCE!J11 -> 8 | AE9: =SCIENCE!K11 -> WEAK PASS | AF9: =SOCIAL!E11 -> 38 | AG9: =SOCIAL!G11 -> 0 | AH9: =SOCIAL!H11 -> 38 | AI9: =SOCIAL!I11 -> 23 | AJ9: =SOCIAL!J11 -> 8 | AK9: =SOCIAL!K11 -> WEAK PASS | AL9: ='R.M.E'!E11 -> 0 | AM9: ='R.M.E'!G11 -> 0 | AN9: ='R.M.E'!H11 -> 0 | AO9: ='R.M.E'!I11 -> 2 | AP9: ='R.M.E'!J11 -> 9 | AQ9: ='R.M.E'!K11 -> FAIL | AR9: =COMPUTING!E11 -> 0 | AS9: =COMPUTING!G11 -> 0 | AT9: =COMPUTING!H11 -> 0 | AU9: =COMPUTING!I11 -> 2 | AV9: =COMPUTING!J11 -> 9 | AW9: =COMPUTING!K11 -> FAIL | AX9: =CAD!E11 -> 0 | AY9: =CAD!G11 -> 0 | AZ9: =CAD!H11 -> 0 | BA9: =CAD!I11 -> 2 | BB9: =CAD!J11 -> 9 | BC9: =CAD!K11 -> FAIL | BD9: =CAREER!E11 -> 0 | BE9: =CAREER!G11 -> 0 | BF9: =CAREER!H11 -> 0 | BG9: =CAREER!I11 -> 2 | BH9: =CAREER!J11 -> 9 | BI9: =CAREER!K11 -> FAIL | BJ9: =FANTE!E11 -> 0 | BK9: =FANTE!G11 -> 0 | BL9: =FANTE!H11 -> 0 | BM9: =FANTE!I11 -> 2 | BN9: =FANTE!J11 -> 9 | BO9: =FANTE!K11 -> FAIL | BP9: =P9+V9+AB9+AH9+AN9+AT9+AZ9+BF9+BL9 -> 152 | BQ9: =_xlfn.RANK.EQ(BP9,$BP$2:$BP$30) & IF(AND(MOD(_xlfn.RANK.EQ(BP9,$BP$2:$BP$30),100)>=11, MOD(_xlfn.RANK.EQ(BP9,$BP$2:$BP$30),100)<=13), "th", CHOOSE(MOD(_xlfn.RANK.EQ(BP9,$BP$2:$BP$30),10)+1, "th","st","nd","rd","th","th","th","th","th","th")) -> 23rd | BR9: =VLOOKUP(BP9,'GRADING SYSTEM'!$A$1:$P$10,2) -> Below average, must buck up. | BS9: =VLOOKUP(BP9,'GRADING SYSTEM'!$A$1:$P$10,10) -> Below average, you must work hard. There is the need for parental support. | BT9: =B9 -> BAAH JOSEPHINE KONADU | BW9: =R9 -> 8 | BX9: =X9 -> 8 | BY9: =AD9 -> 8 | BZ9: =AJ9 -> 8 | CA9: =AP9 -> 9 | CB9: =AV9 -> 9 | CC9: =CAD!J11 -> 9 | CD9: =BH9 -> 9 | CE9: =BN9 -> 9 | CF9: =SUM((SMALL(BW9:CE9,{1,2,3,5,5,6}))) -> 51 | CG9: 2025/26 | CH9: Generous | CI9: Singing | CJ9: =B9 -> BAAH JOSEPHINE KONADU | CK9: √ | CP9: √ | CS9: √ | CX9: √ | DA9: √ | DG9: √
A10: ='Info List'!A11 -> BHS9009 | B10: ='Info List'!B11 -> BAIDOO MIDRED | C10: ='Info List'!C11 -> 9 | D10: ='Info List'!$D$3 -> 29 | E10: ONE | F10: 0 | G10: 0 | H10: 0 | I10: 0 | J10: 0 | K10: =SUM(F10:J10) -> 0 | L10: ='Info List'!F11 -> 0 | M10: ='Info List'!$G$3 -> 0 | N10: =ENGLISH!E12 -> 38.5 | O10: =ENGLISH!G12 -> 0 | P10: =ENGLISH!H12 -> 38.5 | Q10: =ENGLISH!I12 -> 22 | R10: =ENGLISH!J12 -> 8 | S10: =ENGLISH!K12 -> WEAK PASS | T10: =MATHS!E12 -> 38.5 | U10: =MATHS!G12 -> 0 | V10: =MATHS!H12 -> 38.5 | W10: =MATHS!I12 -> 22 | X10: =MATHS!J12 -> 8 | Y10: =MATHS!K12 -> WEAK PASS | Z10: =SCIENCE!E12 -> 38.5 | AA10: =SCIENCE!G12 -> 0 | AB10: =SCIENCE!H12 -> 38.5 | AC10: =SCIENCE!I12 -> 22 | AD10: =SCIENCE!J12 -> 8 | AE10: =SCIENCE!K12 -> WEAK PASS | AF10: =SOCIAL!E12 -> 38.5 | AG10: =SOCIAL!G12 -> 0 | AH10: =SOCIAL!H12 -> 38.5 | AI10: =SOCIAL!I12 -> 22 | AJ10: =SOCIAL!J12 -> 8 | AK10: =SOCIAL!K12 -> WEAK PASS | AL10: ='R.M.E'!E12 -> 0 | AM10: ='R.M.E'!G12 -> 0 | AN10: ='R.M.E'!H12 -> 0 | AO10: ='R.M.E'!I12 -> 2 | AP10: ='R.M.E'!J12 -> 9 | AQ10: ='R.M.E'!K12 -> FAIL | AR10: =COMPUTING!E12 -> 0 | AS10: =COMPUTING!G12 -> 0 | AT10: =COMPUTING!H12 -> 0 | AU10: =COMPUTING!I12 -> 2 | AV10: =COMPUTING!J12 -> 9 | AW10: =COMPUTING!K12 -> FAIL | AX10: =CAD!E12 -> 0 | AY10: =CAD!G12 -> 0 | AZ10: =CAD!H12 -> 0 | BA10: =CAD!I12 -> 2 | BB10: =CAD!J12 -> 9 | BC10: =CAD!K12 -> FAIL | BD10: =CAREER!E12 -> 0 | BE10: =CAREER!G12 -> 0 | BF10: =CAREER!H12 -> 0 | BG10: =CAREER!I12 -> 2 | BH10: =CAREER!J12 -> 9 | BI10: =CAREER!K12 -> FAIL | BJ10: =FANTE!E12 -> 0 | BK10: =FANTE!G12 -> 0 | BL10: =FANTE!H12 -> 0 | BM10: =FANTE!I12 -> 2 | BN10: =FANTE!J12 -> 9 | BO10: =FANTE!K12 -> FAIL | BP10: =P10+V10+AB10+AH10+AN10+AT10+AZ10+BF10+BL10 -> 154 | BQ10: =_xlfn.RANK.EQ(BP10,$BP$2:$BP$30) & IF(AND(MOD(_xlfn.RANK.EQ(BP10,$BP$2:$BP$30),100)>=11, MOD(_xlfn.RANK.EQ(BP10,$BP$2:$BP$30),100)<=13), "th", CHOOSE(MOD(_xlfn.RANK.EQ(BP10,$BP$2:$BP$30),10)+1, "th","st","nd","rd","th","th","th","th","th","th")) -> 22nd | BR10: =VLOOKUP(BP10,'GRADING SYSTEM'!$A$1:$P$10,2) -> Below average, must buck up. | BS10: =VLOOKUP(BP10,'GRADING SYSTEM'!$A$1:$P$10,10) -> Below average, you must work hard. There is the need for parental support. | BT10: =B10 -> BAIDOO MIDRED | BW10: =R10 -> 8 | BX10: =X10 -> 8 | BY10: =AD10 -> 8 | BZ10: =AJ10 -> 8 | CA10: =AP10 -> 9 | CB10: =AV10 -> 9 | CC10: =CAD!J12 -> 9 | CD10: =BH10 -> 9 | CE10: =BN10 -> 9 | CF10: =SUM((SMALL(BW10:CE10,{1,2,3,5,5,6}))) -> 51 | CG10: 2025/26 | CH10: Very friendly and accommodating | CI10: Drawing | CJ10: =B10 -> BAIDOO MIDRED | CK10: √ | CP10: √ | CS10: √ | CX10: √ | DA10: √ | DG10: √
A11: ='Info List'!A12 -> BHS9010 | B11: ='Info List'!B12 -> BOAKYE KELVIN OWUSU | C11: ='Info List'!C12 -> 9 | D11: ='Info List'!$D$3 -> 29 | E11: ONE | F11: 0 | G11: 0 | H11: 0 | I11: 0 | J11: 0 | K11: =SUM(F11:J11) -> 0 | L11: ='Info List'!F12 -> 0 | M11: ='Info List'!$G$3 -> 0 | N11: =ENGLISH!E13 -> 39 | O11: =ENGLISH!G13 -> 0 | P11: =ENGLISH!H13 -> 39 | Q11: =ENGLISH!I13 -> 21 | R11: =ENGLISH!J13 -> 8 | S11: =ENGLISH!K13 -> WEAK PASS | T11: =MATHS!E13 -> 39 | U11: =MATHS!G13 -> 0 | V11: =MATHS!H13 -> 39 | W11: =MATHS!I13 -> 21 | X11: =MATHS!J13 -> 8 | Y11: =MATHS!K13 -> WEAK PASS | Z11: =SCIENCE!E13 -> 39 | AA11: =SCIENCE!G13 -> 0 | AB11: =SCIENCE!H13 -> 39 | AC11: =SCIENCE!I13 -> 21 | AD11: =SCIENCE!J13 -> 8 | AE11: =SCIENCE!K13 -> WEAK PASS | AF11: =SOCIAL!E13 -> 39 | AG11: =SOCIAL!G13 -> 0 | AH11: =SOCIAL!H13 -> 39 | AI11: =SOCIAL!I13 -> 21 | AJ11: =SOCIAL!J13 -> 8 | AK11: =SOCIAL!K13 -> WEAK PASS | AL11: ='R.M.E'!E13 -> 0 | AM11: ='R.M.E'!G13 -> 0 | AN11: ='R.M.E'!H13 -> 0 | AO11: ='R.M.E'!I13 -> 2 | AP11: ='R.M.E'!J13 -> 9 | AQ11: ='R.M.E'!K13 -> FAIL | AR11: =COMPUTING!E13 -> 0 | AS11: =COMPUTING!G13 -> 0 | AT11: =COMPUTING!H13 -> 0 | AU11: =COMPUTING!I13 -> 2 | AV11: =COMPUTING!J13 -> 9 | AW11: =COMPUTING!K13 -> FAIL | AX11: =CAD!E13 -> 0 | AY11: =CAD!G13 -> 0 | AZ11: =CAD!H13 -> 0 | BA11: =CAD!I13 -> 2 | BB11: =CAD!J13 -> 9 | BC11: =CAD!K13 -> FAIL | BD11: =CAREER!E13 -> 0 | BE11: =CAREER!G13 -> 0 | BF11: =CAREER!H13 -> 0 | BG11: =CAREER!I13 -> 2 | BH11: =CAREER!J13 -> 9 | BI11: =CAREER!K13 -> FAIL | BJ11: =FANTE!E13 -> 0 | BK11: =FANTE!G13 -> 0 | BL11: =FANTE!H13 -> 0 | BM11: =FANTE!I13 -> 2 | BN11: =FANTE!J13 -> 9 | BO11: =FANTE!K13 -> FAIL | BP11: =P11+V11+AB11+AH11+AN11+AT11+AZ11+BF11+BL11 -> 156 | BQ11: =_xlfn.RANK.EQ(BP11,$BP$2:$BP$30) & IF(AND(MOD(_xlfn.RANK.EQ(BP11,$BP$2:$BP$30),100)>=11, MOD(_xlfn.RANK.EQ(BP11,$BP$2:$BP$30),100)<=13), "th", CHOOSE(MOD(_xlfn.RANK.EQ(BP11,$BP$2:$BP$30),10)+1, "th","st","nd","rd","th","th","th","th","th","th")) -> 21st | BR11: =VLOOKUP(BP11,'GRADING SYSTEM'!$A$1:$P$10,2) -> Below average, must buck up. | BS11: =VLOOKUP(BP11,'GRADING SYSTEM'!$A$1:$P$10,10) -> Below average, you must work hard. There is the need for parental support. | BT11: =B11 -> BOAKYE KELVIN OWUSU | BW11: =R11 -> 8 | BX11: =X11 -> 8 | BY11: =AD11 -> 8 | BZ11: =AJ11 -> 8 | CA11: =AP11 -> 9 | CB11: =AV11 -> 9 | CC11: =CAD!J13 -> 9 | CD11: =BH11 -> 9 | CE11: =BN11 -> 9 | CF11: =SUM((SMALL(BW11:CE11,{1,2,3,5,5,6}))) -> 51 | CG11: 2025/26 | CH11: Respectful towards teachers and peers | CI11: Painting | CJ11: =B11 -> BOAKYE KELVIN OWUSU | CN11: √ | CP11: √ | CS11: √ | CX11: √ | DB11: √ | DG11: √
A12: ='Info List'!A13 -> BHS9011 | B12: ='Info List'!B13 -> BOATENG NICHOLAS KELVIN | C12: ='Info List'!C13 -> 9 | D12: ='Info List'!$D$3 -> 29 | E12: ONE | F12: 0 | G12: 0 | H12: 0 | I12: 0 | J12: 0 | K12: =SUM(F12:J12) -> 0 | L12: ='Info List'!F13 -> 0 | M12: ='Info List'!$G$3 -> 0 | N12: =ENGLISH!E14 -> 39.5 | O12: =ENGLISH!G14 -> 0 | P12: =ENGLISH!H14 -> 39.5 | Q12: =ENGLISH!I14 -> 20 | R12: =ENGLISH!J14 -> 8 | S12: =ENGLISH!K14 -> WEAK PASS | T12: =MATHS!E14 -> 39.5 | U12: =MATHS!G14 -> 0 | V12: =MATHS!H14 -> 39.5 | W12: =MATHS!I14 -> 20 | X12: =MATHS!J14 -> 8 | Y12: =MATHS!K14 -> WEAK PASS | Z12: =SCIENCE!E14 -> 39.5 | AA12: =SCIENCE!G14 -> 0 | AB12: =SCIENCE!H14 -> 39.5 | AC12: =SCIENCE!I14 -> 20 | AD12: =SCIENCE!J14 -> 8 | AE12: =SCIENCE!K14 -> WEAK PASS | AF12: =SOCIAL!E14 -> 39.5 | AG12: =SOCIAL!G14 -> 0 | AH12: =SOCIAL!H14 -> 39.5 | AI12: =SOCIAL!I14 -> 20 | AJ12: =SOCIAL!J14 -> 8 | AK12: =SOCIAL!K14 -> WEAK PASS | AL12: ='R.M.E'!E14 -> 0 | AM12: ='R.M.E'!G14 -> 0 | AN12: ='R.M.E'!H14 -> 0 | AO12: ='R.M.E'!I14 -> 2 | AP12: ='R.M.E'!J14 -> 9 | AQ12: ='R.M.E'!K14 -> FAIL | AR12: =COMPUTING!E14 -> 0 | AS12: =COMPUTING!G14 -> 0 | AT12: =COMPUTING!H14 -> 0 | AU12: =COMPUTING!I14 -> 2 | AV12: =COMPUTING!J14 -> 9 | AW12: =COMPUTING!K14 -> FAIL | AX12: =CAD!E14 -> 0 | AY12: =CAD!G14 -> 0 | AZ12: =CAD!H14 -> 0 | BA12: =CAD!I14 -> 2 | BB12: =CAD!J14 -> 9 | BC12: =CAD!K14 -> FAIL | BD12: =CAREER!E14 -> 0 | BE12: =CAREER!G14 -> 0 | BF12: =CAREER!H14 -> 0 | BG12: =CAREER!I14 -> 2 | BH12: =CAREER!J14 -> 9 | BI12: =CAREER!K14 -> FAIL | BJ12: =FANTE!E14 -> 0 | BK12: =FANTE!G14 -> 0 | BL12: =FANTE!H14 -> 0 | BM12: =FANTE!I14 -> 2 | BN12: =FANTE!J14 -> 9 | BO12: =FANTE!K14 -> FAIL | BP12: =P12+V12+AB12+AH12+AN12+AT12+AZ12+BF12+BL12 -> 158 | BQ12: =_xlfn.RANK.EQ(BP12,$BP$2:$BP$30) & IF(AND(MOD(_xlfn.RANK.EQ(BP12,$BP$2:$BP$30),100)>=11, MOD(_xlfn.RANK.EQ(BP12,$BP$2:$BP$30),100)<=13), "th", CHOOSE(MOD(_xlfn.RANK.EQ(BP12,$BP$2:$BP$30),10)+1, "th","st","nd","rd","th","th","th","th","th","th")) -> 20th | BR12: =VLOOKUP(BP12,'GRADING SYSTEM'!$A$1:$P$10,2) -> Below average, must buck up. | BS12: =VLOOKUP(BP12,'GRADING SYSTEM'!$A$1:$P$10,10) -> Below average, you must work hard. There is the need for parental support. | BT12: =B12 -> BOATENG NICHOLAS KELVIN | BW12: =R12 -> 8 | BX12: =X12 -> 8 | BY12: =AD12 -> 8 | BZ12: =AJ12 -> 8 | CA12: =AP12 -> 9 | CB12: =AV12 -> 9 | CC12: =CAD!J14 -> 9 | CD12: =BH12 -> 9 | CE12: =BN12 -> 9 | CF12: =SUM((SMALL(BW12:CE12,{1,2,3,5,5,6}))) -> 51 | CG12: 2025/26 | CH12: Shows good leadership qualities | CI12: Writing stories | CJ12: =B12 -> BOATENG NICHOLAS KELVIN | CK12: √ | CP12: √ | CS12: √ | CX12: √ | DC12: √ | DG12: √
A13: ='Info List'!A14 -> BHS9012 | B13: ='Info List'!B14 -> CHARKITEY JOSEPH TETTEY EMEKOH | C13: ='Info List'!C14 -> 9 | D13: ='Info List'!$D$3 -> 29 | E13: ONE | F13: 0 | G13: 0 | H13: 0 | I13: 0 | J13: 0 | K13: =SUM(F13:J13) -> 0 | L13: ='Info List'!F14 -> 0 | M13: ='Info List'!$G$3 -> 0 | N13: =ENGLISH!E15 -> 40 | O13: =ENGLISH!G15 -> 0 | P13: =ENGLISH!H15 -> 40 | Q13: =ENGLISH!I15 -> 19 | R13: =ENGLISH!J15 -> 7 | S13: =ENGLISH!K15 -> PASS | T13: =MATHS!E15 -> 40 | U13: =MATHS!G15 -> 0 | V13: =MATHS!H15 -> 40 | W13: =MATHS!I15 -> 19 | X13: =MATHS!J15 -> 7 | Y13: =MATHS!K15 -> PASS | Z13: =SCIENCE!E15 -> 40 | AA13: =SCIENCE!G15 -> 0 | AB13: =SCIENCE!H15 -> 40 | AC13: =SCIENCE!I15 -> 19 | AD13: =SCIENCE!J15 -> 7 | AE13: =SCIENCE!K15 -> PASS | AF13: =SOCIAL!E15 -> 40 | AG13: =SOCIAL!G15 -> 0 | AH13: =SOCIAL!H15 -> 40 | AI13: =SOCIAL!I15 -> 19 | AJ13: =SOCIAL!J15 -> 7 | AK13: =SOCIAL!K15 -> PASS | AL13: ='R.M.E'!E15 -> 0 | AM13: ='R.M.E'!G15 -> 0 | AN13: ='R.M.E'!H15 -> 0 | AO13: ='R.M.E'!I15 -> 2 | AP13: ='R.M.E'!J15 -> 9 | AQ13: ='R.M.E'!K15 -> FAIL | AR13: =COMPUTING!E15 -> 0 | AS13: =COMPUTING!G15 -> 0 | AT13: =COMPUTING!H15 -> 0 | AU13: =COMPUTING!I15 -> 2 | AV13: =COMPUTING!J15 -> 9 | AW13: =COMPUTING!K15 -> FAIL | AX13: =CAD!E15 -> 0 | AY13: =CAD!G15 -> 0 | AZ13: =CAD!H15 -> 0 | BA13: =CAD!I15 -> 2 | BB13: =CAD!J15 -> 9 | BC13: =CAD!K15 -> FAIL | BD13: =CAREER!E15 -> 0 | BE13: =CAREER!G15 -> 0 | BF13: =CAREER!H15 -> 0 | BG13: =CAREER!I15 -> 2 | BH13: =CAREER!J15 -> 9 | BI13: =CAREER!K15 -> FAIL | BJ13: =FANTE!E15 -> 0 | BK13: =FANTE!G15 -> 0 | BL13: =FANTE!H15 -> 0 | BM13: =FANTE!I15 -> 2 | BN13: =FANTE!J15 -> 9 | BO13: =FANTE!K15 -> FAIL | BP13: =P13+V13+AB13+AH13+AN13+AT13+AZ13+BF13+BL13 -> 160 | BQ13: =_xlfn.RANK.EQ(BP13,$BP$2:$BP$30) & IF(AND(MOD(_xlfn.RANK.EQ(BP13,$BP$2:$BP$30),100)>=11, MOD(_xlfn.RANK.EQ(BP13,$BP$2:$BP$30),100)<=13), "th", CHOOSE(MOD(_xlfn.RANK.EQ(BP13,$BP$2:$BP$30),10)+1, "th","st","nd","rd","th","th","th","th","th","th")) -> 19th | BR13: =VLOOKUP(BP13,'GRADING SYSTEM'!$A$1:$P$10,2) -> Below average, must buck up. | BS13: =VLOOKUP(BP13,'GRADING SYSTEM'!$A$1:$P$10,10) -> Below average, you must work hard. There is the need for parental support. | BT13: =B13 -> CHARKITEY JOSEPH TETTEY EMEKOH | BW13: =R13 -> 7 | BX13: =X13 -> 7 | BY13: =AD13 -> 7 | BZ13: =AJ13 -> 7 | CA13: =AP13 -> 9 | CB13: =AV13 -> 9 | CC13: =CAD!J15 -> 9 | CD13: =BH13 -> 9 | CE13: =BN13 -> 9 | CF13: =SUM((SMALL(BW13:CE13,{1,2,3,5,5,6}))) -> 48 | CG13: 2025/26 | CH13: Hardworking and focused | CI13: Football | CJ13: =B13 -> CHARKITEY JOSEPH TETTEY EMEKOH | CK13: √ | CO13: √ | CS13: √ | CX13: √ | DB13: √ | DE13: √
A14: ='Info List'!A15 -> BHS9013 | B14: ='Info List'!B15 -> DANKWAH AMA JANEL | C14: ='Info List'!C15 -> 9 | D14: ='Info List'!$D$3 -> 29 | E14: ONE | F14: 0 | G14: 0 | H14: 0 | I14: 0 | J14: 0 | K14: =SUM(F14:J14) -> 0 | L14: ='Info List'!F15 -> 0 | M14: ='Info List'!$G$3 -> 0 | N14: =ENGLISH!E16 -> 40.5 | O14: =ENGLISH!G16 -> 0 | P14: =ENGLISH!H16 -> 40.5 | Q14: =ENGLISH!I16 -> 18 | R14: =ENGLISH!J16 -> 7 | S14: =ENGLISH!K16 -> PASS | T14: =MATHS!E16 -> 40.5 | U14: =MATHS!G16 -> 0 | V14: =MATHS!H16 -> 40.5 | W14: =MATHS!I16 -> 18 | X14: =MATHS!J16 -> 7 | Y14: =MATHS!K16 -> PASS | Z14: =SCIENCE!E16 -> 40.5 | AA14: =SCIENCE!G16 -> 0 | AB14: =SCIENCE!H16 -> 40.5 | AC14: =SCIENCE!I16 -> 18 | AD14: =SCIENCE!J16 -> 7 | AE14: =SCIENCE!K16 -> PASS | AF14: =SOCIAL!E16 -> 40.5 | AG14: =SOCIAL!G16 -> 0 | AH14: =SOCIAL!H16 -> 40.5 | AI14: =SOCIAL!I16 -> 18 | AJ14: =SOCIAL!J16 -> 7 | AK14: =SOCIAL!K16 -> PASS | AL14: ='R.M.E'!E16 -> 0 | AM14: ='R.M.E'!G16 -> 0 | AN14: ='R.M.E'!H16 -> 0 | AO14: ='R.M.E'!I16 -> 2 | AP14: ='R.M.E'!J16 -> 9 | AQ14: ='R.M.E'!K16 -> FAIL | AR14: =COMPUTING!E16 -> 0 | AS14: =COMPUTING!G16 -> 0 | AT14: =COMPUTING!H16 -> 0 | AU14: =COMPUTING!I16 -> 2 | AV14: =COMPUTING!J16 -> 9 | AW14: =COMPUTING!K16 -> FAIL | AX14: =CAD!E16 -> 0 | AY14: =CAD!G16 -> 0 | AZ14: =CAD!H16 -> 0 | BA14: =CAD!I16 -> 2 | BB14: =CAD!J16 -> 9 | BC14: =CAD!K16 -> FAIL | BD14: =CAREER!E16 -> 0 | BE14: =CAREER!G16 -> 0 | BF14: =CAREER!H16 -> 0 | BG14: =CAREER!I16 -> 2 | BH14: =CAREER!J16 -> 9 | BI14: =CAREER!K16 -> FAIL | BJ14: =FANTE!E16 -> 0 | BK14: =FANTE!G16 -> 0 | BL14: =FANTE!H16 -> 0 | BM14: =FANTE!I16 -> 2 | BN14: =FANTE!J16 -> 9 | BO14: =FANTE!K16 -> FAIL | BP14: =P14+V14+AB14+AH14+AN14+AT14+AZ14+BF14+BL14 -> 162 | BQ14: =_xlfn.RANK.EQ(BP14,$BP$2:$BP$30) & IF(AND(MOD(_xlfn.RANK.EQ(BP14,$BP$2:$BP$30),100)>=11, MOD(_xlfn.RANK.EQ(BP14,$BP$2:$BP$30),100)<=13), "th", CHOOSE(MOD(_xlfn.RANK.EQ(BP14,$BP$2:$BP$30),10)+1, "th","st","nd","rd","th","th","th","th","th","th")) -> 18th | BR14: =VLOOKUP(BP14,'GRADING SYSTEM'!$A$1:$P$10,2) -> Below average, must buck up. | BS14: =VLOOKUP(BP14,'GRADING SYSTEM'!$A$1:$P$10,10) -> Below average, you must work hard. There is the need for parental support. | BT14: =B14 -> DANKWAH AMA JANEL | BW14: =R14 -> 7 | BX14: =X14 -> 7 | BY14: =AD14 -> 7 | BZ14: =AJ14 -> 7 | CA14: =AP14 -> 9 | CB14: =AV14 -> 9 | CC14: =CAD!J16 -> 9 | CD14: =BH14 -> 9 | CE14: =BN14 -> 9 | CF14: =SUM((SMALL(BW14:CE14,{1,2,3,5,5,6}))) -> 48 | CG14: 2025/26 | CH14: Neat and organised | CI14: Basketball | CJ14: =B14 -> DANKWAH AMA JANEL | CL14: √ | CQ14: √ | CS14: √ | CX14: √ | DB14: √ | DG14: √
A15: ='Info List'!A16 -> BHS9014 | B15: ='Info List'!B16 -> DANKWAH SHANTEL | C15: ='Info List'!C16 -> 9 | D15: ='Info List'!$D$3 -> 29 | E15: ONE | F15: 0 | G15: 0 | H15: 0 | I15: 0 | J15: 0 | K15: =SUM(F15:J15) -> 0 | L15: ='Info List'!F16 -> 0 | M15: ='Info List'!$G$3 -> 0 | N15: =ENGLISH!E17 -> 41 | O15: =ENGLISH!G17 -> 0 | P15: =ENGLISH!H17 -> 41 | Q15: =ENGLISH!I17 -> 17 | R15: =ENGLISH!J17 -> 7 | S15: =ENGLISH!K17 -> PASS | T15: =MATHS!E17 -> 41 | U15: =MATHS!G17 -> 0 | V15: =MATHS!H17 -> 41 | W15: =MATHS!I17 -> 17 | X15: =MATHS!J17 -> 7 | Y15: =MATHS!K17 -> PASS | Z15: =SCIENCE!E17 -> 41 | AA15: =SCIENCE!G17 -> 0 | AB15: =SCIENCE!H17 -> 41 | AC15: =SCIENCE!I17 -> 17 | AD15: =SCIENCE!J17 -> 7 | AE15: =SCIENCE!K17 -> PASS | AF15: =SOCIAL!E17 -> 41 | AG15: =SOCIAL!G17 -> 0 | AH15: =SOCIAL!H17 -> 41 | AI15: =SOCIAL!I17 -> 17 | AJ15: =SOCIAL!J17 -> 7 | AK15: =SOCIAL!K17 -> PASS | AL15: ='R.M.E'!E17 -> 0 | AM15: ='R.M.E'!G17 -> 0 | AN15: ='R.M.E'!H17 -> 0 | AO15: ='R.M.E'!I17 -> 2 | AP15: ='R.M.E'!J17 -> 9 | AQ15: ='R.M.E'!K17 -> FAIL | AR15: =COMPUTING!E17 -> 0 | AS15: =COMPUTING!G17 -> 0 | AT15: =COMPUTING!H17 -> 0 | AU15: =COMPUTING!I17 -> 2 | AV15: =COMPUTING!J17 -> 9 | AW15: =COMPUTING!K17 -> FAIL | AX15: =CAD!E17 -> 0 | AY15: =CAD!G17 -> 0 | AZ15: =CAD!H17 -> 0 | BA15: =CAD!I17 -> 2 | BB15: =CAD!J17 -> 9 | BC15: =CAD!K17 -> FAIL | BD15: =CAREER!E17 -> 0 | BE15: =CAREER!G17 -> 0 | BF15: =CAREER!H17 -> 0 | BG15: =CAREER!I17 -> 2 | BH15: =CAREER!J17 -> 9 | BI15: =CAREER!K17 -> FAIL | BJ15: =FANTE!E17 -> 0 | BK15: =FANTE!G17 -> 0 | BL15: =FANTE!H17 -> 0 | BM15: =FANTE!I17 -> 2 | BN15: =FANTE!J17 -> 9 | BO15: =FANTE!K17 -> FAIL | BP15: =P15+V15+AB15+AH15+AN15+AT15+AZ15+BF15+BL15 -> 164 | BQ15: =_xlfn.RANK.EQ(BP15,$BP$2:$BP$30) & IF(AND(MOD(_xlfn.RANK.EQ(BP15,$BP$2:$BP$30),100)>=11, MOD(_xlfn.RANK.EQ(BP15,$BP$2:$BP$30),100)<=13), "th", CHOOSE(MOD(_xlfn.RANK.EQ(BP15,$BP$2:$BP$30),10)+1, "th","st","nd","rd","th","th","th","th","th","th")) -> 17th | BR15: =VLOOKUP(BP15,'GRADING SYSTEM'!$A$1:$P$10,2) -> Below average, must buck up. | BS15: =VLOOKUP(BP15,'GRADING SYSTEM'!$A$1:$P$10,10) -> Below average, you must work hard. There is the need for parental support. | BT15: =B15 -> DANKWAH SHANTEL | BW15: =R15 -> 7 | BX15: =X15 -> 7 | BY15: =AD15 -> 7 | BZ15: =AJ15 -> 7 | CA15: =AP15 -> 9 | CB15: =AV15 -> 9 | CC15: =CAD!J17 -> 9 | CD15: =BH15 -> 9 | CE15: =BN15 -> 9 | CF15: =SUM((SMALL(BW15:CE15,{1,2,3,5,5,6}))) -> 48 | CG15: 2025/26 | CH15: Shows a positive attitude | CI15: Volleyball | CJ15: =B15 -> DANKWAH SHANTEL | CK15: √ | CO15: √ | CS15: √ | CX15: √ | DB15: √ | DG15: √
A16: ='Info List'!A17 -> BHS9015 | B16: ='Info List'!B17 -> ESSILFIE ENOCH | C16: ='Info List'!C17 -> 9 | D16: ='Info List'!$D$3 -> 29 | E16: ONE | F16: 0 | G16: 0 | H16: 0 | I16: 0 | J16: 0 | K16: =SUM(F16:J16) -> 0 | L16: ='Info List'!F17 -> 0 | M16: ='Info List'!$G$3 -> 0 | N16: =ENGLISH!E18 -> 41.5 | O16: =ENGLISH!G18 -> 0 | P16: =ENGLISH!H18 -> 41.5 | Q16: =ENGLISH!I18 -> 16 | R16: =ENGLISH!J18 -> 7 | S16: =ENGLISH!K18 -> PASS | T16: =MATHS!E18 -> 41.5 | U16: =MATHS!G18 -> 0 | V16: =MATHS!H18 -> 41.5 | W16: =MATHS!I18 -> 16 | X16: =MATHS!J18 -> 7 | Y16: =MATHS!K18 -> PASS | Z16: =SCIENCE!E18 -> 41.5 | AA16: =SCIENCE!G18 -> 0 | AB16: =SCIENCE!H18 -> 41.5 | AC16: =SCIENCE!I18 -> 16 | AD16: =SCIENCE!J18 -> 7 | AE16: =SCIENCE!K18 -> PASS | AF16: =SOCIAL!E18 -> 41.5 | AG16: =SOCIAL!G18 -> 0 | AH16: =SOCIAL!H18 -> 41.5 | AI16: =SOCIAL!I18 -> 16 | AJ16: =SOCIAL!J18 -> 7 | AK16: =SOCIAL!K18 -> PASS | AL16: ='R.M.E'!E18 -> 0 | AM16: ='R.M.E'!G18 -> 0 | AN16: ='R.M.E'!H18 -> 0 | AO16: ='R.M.E'!I18 -> 2 | AP16: ='R.M.E'!J18 -> 9 | AQ16: ='R.M.E'!K18 -> FAIL | AR16: =COMPUTING!E18 -> 0 | AS16: =COMPUTING!G18 -> 0 | AT16: =COMPUTING!H18 -> 0 | AU16: =COMPUTING!I18 -> 2 | AV16: =COMPUTING!J18 -> 9 | AW16: =COMPUTING!K18 -> FAIL | AX16: =CAD!E18 -> 0 | AY16: =CAD!G18 -> 0 | AZ16: =CAD!H18 -> 0 | BA16: =CAD!I18 -> 2 | BB16: =CAD!J18 -> 9 | BC16: =CAD!K18 -> FAIL | BD16: =CAREER!E18 -> 0 | BE16: =CAREER!G18 -> 0 | BF16: =CAREER!H18 -> 0 | BG16: =CAREER!I18 -> 2 | BH16: =CAREER!J18 -> 9 | BI16: =CAREER!K18 -> FAIL | BJ16: =FANTE!E18 -> 0 | BK16: =FANTE!G18 -> 0 | BL16: =FANTE!H18 -> 0 | BM16: =FANTE!I18 -> 2 | BN16: =FANTE!J18 -> 9 | BO16: =FANTE!K18 -> FAIL | BP16: =P16+V16+AB16+AH16+AN16+AT16+AZ16+BF16+BL16 -> 166 | BQ16: =_xlfn.RANK.EQ(BP16,$BP$2:$BP$30) & IF(AND(MOD(_xlfn.RANK.EQ(BP16,$BP$2:$BP$30),100)>=11, MOD(_xlfn.RANK.EQ(BP16,$BP$2:$BP$30),100)<=13), "th", CHOOSE(MOD(_xlfn.RANK.EQ(BP16,$BP$2:$BP$30),10)+1, "th","st","nd","rd","th","th","th","th","th","th")) -> 16th | BR16: =VLOOKUP(BP16,'GRADING SYSTEM'!$A$1:$P$10,2) -> Below average, must buck up. | BS16: =VLOOKUP(BP16,'GRADING SYSTEM'!$A$1:$P$10,10) -> Below average, you must work hard. There is the need for parental support. | BT16: =B16 -> ESSILFIE ENOCH | BW16: =R16 -> 7 | BX16: =X16 -> 7 | BY16: =AD16 -> 7 | BZ16: =AJ16 -> 7 | CA16: =AP16 -> 9 | CB16: =AV16 -> 9 | CC16: =CAD!J18 -> 9 | CD16: =BH16 -> 9 | CE16: =BN16 -> 9 | CF16: =SUM((SMALL(BW16:CE16,{1,2,3,5,5,6}))) -> 48 | CG16: 2025/26 | CH16: Participates actively in class | CI16: Table tennis | CJ16: =B16 -> ESSILFIE ENOCH | CL16: √ | CP16: √ | CS16: √ | CX16: √ | DB16: √ | DG16: √
A17: ='Info List'!A18 -> BHS9016 | B17: ='Info List'!B18 -> GANDAA LINDA | C17: ='Info List'!C18 -> 9 | D17: ='Info List'!$D$3 -> 29 | E17: ONE | F17: 0 | G17: 0 | H17: 0 | I17: 0 | J17: 0 | K17: =SUM(F17:J17) -> 0 | L17: ='Info List'!F18 -> 0 | M17: ='Info List'!$G$3 -> 0 | N17: =ENGLISH!E19 -> 42 | O17: =ENGLISH!G19 -> 0 | P17: =ENGLISH!H19 -> 42 | Q17: =ENGLISH!I19 -> 15 | R17: =ENGLISH!J19 -> 7 | S17: =ENGLISH!K19 -> PASS | T17: =MATHS!E19 -> 42 | U17: =MATHS!G19 -> 0 | V17: =MATHS!H19 -> 42 | W17: =MATHS!I19 -> 15 | X17: =MATHS!J19 -> 7 | Y17: =MATHS!K19 -> PASS | Z17: =SCIENCE!E19 -> 42 | AA17: =SCIENCE!G19 -> 0 | AB17: =SCIENCE!H19 -> 42 | AC17: =SCIENCE!I19 -> 15 | AD17: =SCIENCE!J19 -> 7 | AE17: =SCIENCE!K19 -> PASS | AF17: =SOCIAL!E19 -> 42 | AG17: =SOCIAL!G19 -> 0 | AH17: =SOCIAL!H19 -> 42 | AI17: =SOCIAL!I19 -> 15 | AJ17: =SOCIAL!J19 -> 7 | AK17: =SOCIAL!K19 -> PASS | AL17: ='R.M.E'!E19 -> 0 | AM17: ='R.M.E'!G19 -> 0 | AN17: ='R.M.E'!H19 -> 0 | AO17: ='R.M.E'!I19 -> 2 | AP17: ='R.M.E'!J19 -> 9 | AQ17: ='R.M.E'!K19 -> FAIL | AR17: =COMPUTING!E19 -> 0 | AS17: =COMPUTING!G19 -> 0 | AT17: =COMPUTING!H19 -> 0 | AU17: =COMPUTING!I19 -> 2 | AV17: =COMPUTING!J19 -> 9 | AW17: =COMPUTING!K19 -> FAIL | AX17: =CAD!E19 -> 0 | AY17: =CAD!G19 -> 0 | AZ17: =CAD!H19 -> 0 | BA17: =CAD!I19 -> 2 | BB17: =CAD!J19 -> 9 | BC17: =CAD!K19 -> FAIL | BD17: =CAREER!E19 -> 0 | BE17: =CAREER!G19 -> 0 | BF17: =CAREER!H19 -> 0 | BG17: =CAREER!I19 -> 2 | BH17: =CAREER!J19 -> 9 | BI17: =CAREER!K19 -> FAIL | BJ17: =FANTE!E19 -> 0 | BK17: =FANTE!G19 -> 0 | BL17: =FANTE!H19 -> 0 | BM17: =FANTE!I19 -> 2 | BN17: =FANTE!J19 -> 9 | BO17: =FANTE!K19 -> FAIL | BP17: =P17+V17+AB17+AH17+AN17+AT17+AZ17+BF17+BL17 -> 168 | BQ17: =_xlfn.RANK.EQ(BP17,$BP$2:$BP$30) & IF(AND(MOD(_xlfn.RANK.EQ(BP17,$BP$2:$BP$30),100)>=11, MOD(_xlfn.RANK.EQ(BP17,$BP$2:$BP$30),100)<=13), "th", CHOOSE(MOD(_xlfn.RANK.EQ(BP17,$BP$2:$BP$30),10)+1, "th","st","nd","rd","th","th","th","th","th","th")) -> 15th | BR17: =VLOOKUP(BP17,'GRADING SYSTEM'!$A$1:$P$10,2) -> Below average, must buck up. | BS17: =VLOOKUP(BP17,'GRADING SYSTEM'!$A$1:$P$10,10) -> Below average, you must work hard. There is the need for parental support. | BT17: =B17 -> GANDAA LINDA | BW17: =R17 -> 7 | BX17: =X17 -> 7 | BY17: =AD17 -> 7 | BZ17: =AJ17 -> 7 | CA17: =AP17 -> 9 | CB17: =AV17 -> 9 | CC17: =CAD!J19 -> 9 | CD17: =BH17 -> 9 | CE17: =BN17 -> 9 | CF17: =SUM((SMALL(BW17:CE17,{1,2,3,5,5,6}))) -> 48 | CG17: 2025/26 | CH17: Calm and composed | CI17: Science experiments | CJ17: =B17 -> GANDAA LINDA | CK17: √ | CP17: √ | CS17: √ | CX17: √ | DB17: √ | DG17: √
A18: ='Info List'!A19 -> BHS9017 | B18: ='Info List'!B19 -> GEORGINA DUSHIE QUEENSTAR | C18: ='Info List'!C19 -> 9 | D18: ='Info List'!$D$3 -> 29 | E18: ONE | F18: 0 | G18: 0 | H18: 0 | I18: 0 | J18: 0 | K18: =SUM(F18:J18) -> 0 | L18: ='Info List'!F19 -> 0 | M18: ='Info List'!$G$3 -> 0 | N18: =ENGLISH!E20 -> 42.5 | O18: =ENGLISH!G20 -> 0 | P18: =ENGLISH!H20 -> 42.5 | Q18: =ENGLISH!I20 -> 14 | R18: =ENGLISH!J20 -> 7 | S18: =ENGLISH!K20 -> PASS | T18: =MATHS!E20 -> 42.5 | U18: =MATHS!G20 -> 0 | V18: =MATHS!H20 -> 42.5 | W18: =MATHS!I20 -> 14 | X18: =MATHS!J20 -> 7 | Y18: =MATHS!K20 -> PASS | Z18: =SCIENCE!E20 -> 42.5 | AA18: =SCIENCE!G20 -> 0 | AB18: =SCIENCE!H20 -> 42.5 | AC18: =SCIENCE!I20 -> 14 | AD18: =SCIENCE!J20 -> 7 | AE18: =SCIENCE!K20 -> PASS | AF18: =SOCIAL!E20 -> 42.5 | AG18: =SOCIAL!G20 -> 0 | AH18: =SOCIAL!H20 -> 42.5 | AI18: =SOCIAL!I20 -> 14 | AJ18: =SOCIAL!J20 -> 7 | AK18: =SOCIAL!K20 -> PASS | AL18: ='R.M.E'!E20 -> 0 | AM18: ='R.M.E'!G20 -> 0 | AN18: ='R.M.E'!H20 -> 0 | AO18: ='R.M.E'!I20 -> 2 | AP18: ='R.M.E'!J20 -> 9 | AQ18: ='R.M.E'!K20 -> FAIL | AR18: =COMPUTING!E20 -> 0 | AS18: =COMPUTING!G20 -> 0 | AT18: =COMPUTING!H20 -> 0 | AU18: =COMPUTING!I20 -> 2 | AV18: =COMPUTING!J20 -> 9 | AW18: =COMPUTING!K20 -> FAIL | AX18: =CAD!E20 -> 0 | AY18: =CAD!G20 -> 0 | AZ18: =CAD!H20 -> 0 | BA18: =CAD!I20 -> 2 | BB18: =CAD!J20 -> 9 | BC18: =CAD!K20 -> FAIL | BD18: =CAREER!E20 -> 0 | BE18: =CAREER!G20 -> 0 | BF18: =CAREER!H20 -> 0 | BG18: =CAREER!I20 -> 2 | BH18: =CAREER!J20 -> 9 | BI18: =CAREER!K20 -> FAIL | BJ18: =FANTE!E20 -> 0 | BK18: =FANTE!G20 -> 0 | BL18: =FANTE!H20 -> 0 | BM18: =FANTE!I20 -> 2 | BN18: =FANTE!J20 -> 9 | BO18: =FANTE!K20 -> FAIL | BP18: =P18+V18+AB18+AH18+AN18+AT18+AZ18+BF18+BL18 -> 170 | BQ18: =_xlfn.RANK.EQ(BP18,$BP$2:$BP$30) & IF(AND(MOD(_xlfn.RANK.EQ(BP18,$BP$2:$BP$30),100)>=11, MOD(_xlfn.RANK.EQ(BP18,$BP$2:$BP$30),100)<=13), "th", CHOOSE(MOD(_xlfn.RANK.EQ(BP18,$BP$2:$BP$30),10)+1, "th","st","nd","rd","th","th","th","th","th","th")) -> 14th | BR18: =VLOOKUP(BP18,'GRADING SYSTEM'!$A$1:$P$10,2) -> Below average, must buck up. | BS18: =VLOOKUP(BP18,'GRADING SYSTEM'!$A$1:$P$10,10) -> Below average, you must work hard. There is the need for parental support. | BT18: =B18 -> GEORGINA DUSHIE QUEENSTAR | BW18: =R18 -> 7 | BX18: =X18 -> 7 | BY18: =AD18 -> 7 | BZ18: =AJ18 -> 7 | CA18: =AP18 -> 9 | CB18: =AV18 -> 9 | CC18: =CAD!J20 -> 9 | CD18: =BH18 -> 9 | CE18: =BN18 -> 9 | CF18: =SUM((SMALL(BW18:CE18,{1,2,3,5,5,6}))) -> 48 | CG18: 2025/26 | CH18: Demonstrates responsibility | CI18: Computing and coding | CJ18: =B18 -> GEORGINA DUSHIE QUEENSTAR | CK18: √ | CP18: √ | CS18: √ | CX18: √ | DB18: √ | DG18: √
A19: ='Info List'!A20 -> BHS9018 | B19: ='Info List'!B20 -> GYAKYE AMPONSAH EKUA | C19: ='Info List'!C20 -> 9 | D19: ='Info List'!$D$3 -> 29 | E19: ONE | F19: 0 | G19: 0 | H19: 0 | I19: 0 | J19: 0 | K19: =SUM(F19:J19) -> 0 | L19: ='Info List'!F20 -> 0 | M19: ='Info List'!$G$3 -> 0 | N19: =ENGLISH!E21 -> 43 | O19: =ENGLISH!G21 -> 0 | P19: =ENGLISH!H21 -> 43 | Q19: =ENGLISH!I21 -> 13 | R19: =ENGLISH!J21 -> 7 | S19: =ENGLISH!K21 -> PASS | T19: =MATHS!E21 -> 43 | U19: =MATHS!G21 -> 0 | V19: =MATHS!H21 -> 43 | W19: =MATHS!I21 -> 13 | X19: =MATHS!J21 -> 7 | Y19: =MATHS!K21 -> PASS | Z19: =SCIENCE!E21 -> 43 | AA19: =SCIENCE!G21 -> 0 | AB19: =SCIENCE!H21 -> 43 | AC19: =SCIENCE!I21 -> 13 | AD19: =SCIENCE!J21 -> 7 | AE19: =SCIENCE!K21 -> PASS | AF19: =SOCIAL!E21 -> 43 | AG19: =SOCIAL!G21 -> 0 | AH19: =SOCIAL!H21 -> 43 | AI19: =SOCIAL!I21 -> 13 | AJ19: =SOCIAL!J21 -> 7 | AK19: =SOCIAL!K21 -> PASS | AL19: ='R.M.E'!E21 -> 0 | AM19: ='R.M.E'!G21 -> 0 | AN19: ='R.M.E'!H21 -> 0 | AO19: ='R.M.E'!I21 -> 2 | AP19: ='R.M.E'!J21 -> 9 | AQ19: ='R.M.E'!K21 -> FAIL | AR19: =COMPUTING!E21 -> 0 | AS19: =COMPUTING!G21 -> 0 | AT19: =COMPUTING!H21 -> 0 | AU19: =COMPUTING!I21 -> 2 | AV19: =COMPUTING!J21 -> 9 | AW19: =COMPUTING!K21 -> FAIL | AX19: =CAD!E21 -> 0 | AY19: =CAD!G21 -> 0 | AZ19: =CAD!H21 -> 0 | BA19: =CAD!I21 -> 2 | BB19: =CAD!J21 -> 9 | BC19: =CAD!K21 -> FAIL | BD19: =CAREER!E21 -> 0 | BE19: =CAREER!G21 -> 0 | BF19: =CAREER!H21 -> 0 | BG19: =CAREER!I21 -> 2 | BH19: =CAREER!J21 -> 9 | BI19: =CAREER!K21 -> FAIL | BJ19: =FANTE!E21 -> 0 | BK19: =FANTE!G21 -> 0 | BL19: =FANTE!H21 -> 0 | BM19: =FANTE!I21 -> 2 | BN19: =FANTE!J21 -> 9 | BO19: =FANTE!K21 -> FAIL | BP19: =P19+V19+AB19+AH19+AN19+AT19+AZ19+BF19+BL19 -> 172 | BQ19: =_xlfn.RANK.EQ(BP19,$BP$2:$BP$30) & IF(AND(MOD(_xlfn.RANK.EQ(BP19,$BP$2:$BP$30),100)>=11, MOD(_xlfn.RANK.EQ(BP19,$BP$2:$BP$30),100)<=13), "th", CHOOSE(MOD(_xlfn.RANK.EQ(BP19,$BP$2:$BP$30),10)+1, "th","st","nd","rd","th","th","th","th","th","th")) -> 13th | BR19: =VLOOKUP(BP19,'GRADING SYSTEM'!$A$1:$P$10,2) -> Below average, must buck up. | BS19: =VLOOKUP(BP19,'GRADING SYSTEM'!$A$1:$P$10,10) -> Below average, you must work hard. There is the need for parental support. | BT19: =B19 -> GYAKYE AMPONSAH EKUA | BW19: =R19 -> 7 | BX19: =X19 -> 7 | BY19: =AD19 -> 7 | BZ19: =AJ19 -> 7 | CA19: =AP19 -> 9 | CB19: =AV19 -> 9 | CC19: =CAD!J21 -> 9 | CD19: =BH19 -> 9 | CE19: =BN19 -> 9 | CF19: =SUM((SMALL(BW19:CE19,{1,2,3,5,5,6}))) -> 48 | CG19: 2025/26 | CH19: Courteous and polite | CI19: Playing musical instruments | CJ19: =B19 -> GYAKYE AMPONSAH EKUA | CM19: √ | CP19: √ | CS19: √ | CX19: √ | DB19: √ | DG19: √
A20: ='Info List'!A21 -> BHS9019 | B20: ='Info List'!B21 -> MENSAH GLORIA KUSI | C20: ='Info List'!C21 -> 9 | D20: ='Info List'!$D$3 -> 29 | E20: ONE | F20: 0 | G20: 0 | H20: 0 | I20: 0 | J20: 0 | K20: =SUM(F20:J20) -> 0 | L20: ='Info List'!F21 -> 0 | M20: ='Info List'!$G$3 -> 0 | N20: =ENGLISH!E22 -> 43.5 | O20: =ENGLISH!G22 -> 0 | P20: =ENGLISH!H22 -> 43.5 | Q20: =ENGLISH!I22 -> 12 | R20: =ENGLISH!J22 -> 7 | S20: =ENGLISH!K22 -> PASS | T20: =MATHS!E22 -> 43.5 | U20: =MATHS!G22 -> 0 | V20: =MATHS!H22 -> 43.5 | W20: =MATHS!I22 -> 12 | X20: =MATHS!J22 -> 7 | Y20: =MATHS!K22 -> PASS | Z20: =SCIENCE!E22 -> 43.5 | AA20: =SCIENCE!G22 -> 0 | AB20: =SCIENCE!H22 -> 43.5 | AC20: =SCIENCE!I22 -> 12 | AD20: =SCIENCE!J22 -> 7 | AE20: =SCIENCE!K22 -> PASS | AF20: =SOCIAL!E22 -> 43.5 | AG20: =SOCIAL!G22 -> 0 | AH20: =SOCIAL!H22 -> 43.5 | AI20: =SOCIAL!I22 -> 12 | AJ20: =SOCIAL!J22 -> 7 | AK20: =SOCIAL!K22 -> PASS | AL20: ='R.M.E'!E22 -> 0 | AM20: ='R.M.E'!G22 -> 0 | AN20: ='R.M.E'!H22 -> 0 | AO20: ='R.M.E'!I22 -> 2 | AP20: ='R.M.E'!J22 -> 9 | AQ20: ='R.M.E'!K22 -> FAIL | AR20: =COMPUTING!E22 -> 0 | AS20: =COMPUTING!G22 -> 0 | AT20: =COMPUTING!H22 -> 0 | AU20: =COMPUTING!I22 -> 2 | AV20: =COMPUTING!J22 -> 9 | AW20: =COMPUTING!K22 -> FAIL | AX20: =CAD!E22 -> 0 | AY20: =CAD!G22 -> 0 | AZ20: =CAD!H22 -> 0 | BA20: =CAD!I22 -> 2 | BB20: =CAD!J22 -> 9 | BC20: =CAD!K22 -> FAIL | BD20: =CAREER!E22 -> 0 | BE20: =CAREER!G22 -> 0 | BF20: =CAREER!H22 -> 0 | BG20: =CAREER!I22 -> 2 | BH20: =CAREER!J22 -> 9 | BI20: =CAREER!K22 -> FAIL | BJ20: =FANTE!E22 -> 0 | BK20: =FANTE!G22 -> 0 | BL20: =FANTE!H22 -> 0 | BM20: =FANTE!I22 -> 2 | BN20: =FANTE!J22 -> 9 | BO20: =FANTE!K22 -> FAIL | BP20: =P20+V20+AB20+AH20+AN20+AT20+AZ20+BF20+BL20 -> 174 | BQ20: =_xlfn.RANK.EQ(BP20,$BP$2:$BP$30) & IF(AND(MOD(_xlfn.RANK.EQ(BP20,$BP$2:$BP$30),100)>=11, MOD(_xlfn.RANK.EQ(BP20,$BP$2:$BP$30),100)<=13), "th", CHOOSE(MOD(_xlfn.RANK.EQ(BP20,$BP$2:$BP$30),10)+1, "th","st","nd","rd","th","th","th","th","th","th")) -> 12th | BR20: =VLOOKUP(BP20,'GRADING SYSTEM'!$A$1:$P$10,2) -> Below average, must buck up. | BS20: =VLOOKUP(BP20,'GRADING SYSTEM'!$A$1:$P$10,10) -> Below average, you must work hard. There is the need for parental support. | BT20: =B20 -> MENSAH GLORIA KUSI | BW20: =R20 -> 7 | BX20: =X20 -> 7 | BY20: =AD20 -> 7 | BZ20: =AJ20 -> 7 | CA20: =AP20 -> 9 | CB20: =AV20 -> 9 | CC20: =CAD!J22 -> 9 | CD20: =BH20 -> 9 | CE20: =BN20 -> 9 | CF20: =SUM((SMALL(BW20:CE20,{1,2,3,5,5,6}))) -> 48 | CG20: 2025/26 | CH20: Works well with others | CI20: Poetry | CJ20: =B20 -> MENSAH GLORIA KUSI | CL20: √ | CO20: √ | CS20: √ | CX20: √ | DB20: √ | DG20: √
A21: ='Info List'!A22 -> BHS9020 | B21: ='Info List'!B22 -> MENSAH KWASI BLESS | C21: ='Info List'!C22 -> 9 | D21: ='Info List'!$D$3 -> 29 | E21: ONE | F21: 0 | G21: 0 | H21: 0 | I21: 0 | J21: 0 | K21: =SUM(F21:J21) -> 0 | L21: ='Info List'!F22 -> 0 | M21: ='Info List'!$G$3 -> 0 | N21: =ENGLISH!E23 -> 44 | O21: =ENGLISH!G23 -> 0 | P21: =ENGLISH!H23 -> 44 | Q21: =ENGLISH!I23 -> 11 | R21: =ENGLISH!J23 -> 7 | S21: =ENGLISH!K23 -> PASS | T21: =MATHS!E23 -> 44 | U21: =MATHS!G23 -> 0 | V21: =MATHS!H23 -> 44 | W21: =MATHS!I23 -> 11 | X21: =MATHS!J23 -> 7 | Y21: =MATHS!K23 -> PASS | Z21: =SCIENCE!E23 -> 44 | AA21: =SCIENCE!G23 -> 0 | AB21: =SCIENCE!H23 -> 44 | AC21: =SCIENCE!I23 -> 11 | AD21: =SCIENCE!J23 -> 7 | AE21: =SCIENCE!K23 -> PASS | AF21: =SOCIAL!E23 -> 44 | AG21: =SOCIAL!G23 -> 0 | AH21: =SOCIAL!H23 -> 44 | AI21: =SOCIAL!I23 -> 11 | AJ21: =SOCIAL!J23 -> 7 | AK21: =SOCIAL!K23 -> PASS | AL21: ='R.M.E'!E23 -> 0 | AM21: ='R.M.E'!G23 -> 0 | AN21: ='R.M.E'!H23 -> 0 | AO21: ='R.M.E'!I23 -> 2 | AP21: ='R.M.E'!J23 -> 9 | AQ21: ='R.M.E'!K23 -> FAIL | AR21: =COMPUTING!E23 -> 0 | AS21: =COMPUTING!G23 -> 0 | AT21: =COMPUTING!H23 -> 0 | AU21: =COMPUTING!I23 -> 2 | AV21: =COMPUTING!J23 -> 9 | AW21: =COMPUTING!K23 -> FAIL | AX21: =CAD!E23 -> 0 | AY21: =CAD!G23 -> 0 | AZ21: =CAD!H23 -> 0 | BA21: =CAD!I23 -> 2 | BB21: =CAD!J23 -> 9 | BC21: =CAD!K23 -> FAIL | BD21: =CAREER!E23 -> 0 | BE21: =CAREER!G23 -> 0 | BF21: =CAREER!H23 -> 0 | BG21: =CAREER!I23 -> 2 | BH21: =CAREER!J23 -> 9 | BI21: =CAREER!K23 -> FAIL | BJ21: =FANTE!E23 -> 0 | BK21: =FANTE!G23 -> 0 | BL21: =FANTE!H23 -> 0 | BM21: =FANTE!I23 -> 2 | BN21: =FANTE!J23 -> 9 | BO21: =FANTE!K23 -> FAIL | BP21: =P21+V21+AB21+AH21+AN21+AT21+AZ21+BF21+BL21 -> 176 | BQ21: =_xlfn.RANK.EQ(BP21,$BP$2:$BP$30) & IF(AND(MOD(_xlfn.RANK.EQ(BP21,$BP$2:$BP$30),100)>=11, MOD(_xlfn.RANK.EQ(BP21,$BP$2:$BP$30),100)<=13), "th", CHOOSE(MOD(_xlfn.RANK.EQ(BP21,$BP$2:$BP$30),10)+1, "th","st","nd","rd","th","th","th","th","th","th")) -> 11th | BR21: =VLOOKUP(BP21,'GRADING SYSTEM'!$A$1:$P$10,2) -> Below average, must buck up. | BS21: =VLOOKUP(BP21,'GRADING SYSTEM'!$A$1:$P$10,10) -> Below average, you must work hard. There is the need for parental support. | BT21: =B21 -> MENSAH KWASI BLESS | BW21: =R21 -> 7 | BX21: =X21 -> 7 | BY21: =AD21 -> 7 | BZ21: =AJ21 -> 7 | CA21: =AP21 -> 9 | CB21: =AV21 -> 9 | CC21: =CAD!J23 -> 9 | CD21: =BH21 -> 9 | CE21: =BN21 -> 9 | CF21: =SUM((SMALL(BW21:CE21,{1,2,3,5,5,6}))) -> 48 | CG21: 2025/26 | CH21: Confident and expressive | CI21: Creative writing | CJ21: =B21 -> MENSAH KWASI BLESS | CN21: √ | CQ21: √ | CS21: √ | CX21: √ | DB21: √ | DG21: √
A22: ='Info List'!A23 -> BHS9021 | B22: ='Info List'!B23 -> MENSAH SHADRACK | C22: ='Info List'!C23 -> 9 | D22: ='Info List'!$D$3 -> 29 | E22: ONE | F22: 0 | G22: 0 | H22: 0 | I22: 0 | J22: 0 | K22: =SUM(F22:J22) -> 0 | L22: ='Info List'!F23 -> 0 | M22: ='Info List'!$G$3 -> 0 | N22: =ENGLISH!E24 -> 44.5 | O22: =ENGLISH!G24 -> 0 | P22: =ENGLISH!H24 -> 44.5 | Q22: =ENGLISH!I24 -> 10 | R22: =ENGLISH!J24 -> 7 | S22: =ENGLISH!K24 -> PASS | T22: =MATHS!E24 -> 44.5 | U22: =MATHS!G24 -> 0 | V22: =MATHS!H24 -> 44.5 | W22: =MATHS!I24 -> 10 | X22: =MATHS!J24 -> 7 | Y22: =MATHS!K24 -> PASS | Z22: =SCIENCE!E24 -> 44.5 | AA22: =SCIENCE!G24 -> 0 | AB22: =SCIENCE!H24 -> 44.5 | AC22: =SCIENCE!I24 -> 10 | AD22: =SCIENCE!J24 -> 7 | AE22: =SCIENCE!K24 -> PASS | AF22: =SOCIAL!E24 -> 44.5 | AG22: =SOCIAL!G24 -> 0 | AH22: =SOCIAL!H24 -> 44.5 | AI22: =SOCIAL!I24 -> 10 | AJ22: =SOCIAL!J24 -> 7 | AK22: =SOCIAL!K24 -> PASS | AL22: ='R.M.E'!E24 -> 0 | AM22: ='R.M.E'!G24 -> 0 | AN22: ='R.M.E'!H24 -> 0 | AO22: ='R.M.E'!I24 -> 2 | AP22: ='R.M.E'!J24 -> 9 | AQ22: ='R.M.E'!K24 -> FAIL | AR22: =COMPUTING!E24 -> 0 | AS22: =COMPUTING!G24 -> 0 | AT22: =COMPUTING!H24 -> 0 | AU22: =COMPUTING!I24 -> 2 | AV22: =COMPUTING!J24 -> 9 | AW22: =COMPUTING!K24 -> FAIL | AX22: =CAD!E24 -> 0 | AY22: =CAD!G24 -> 0 | AZ22: =CAD!H24 -> 0 | BA22: =CAD!I24 -> 2 | BB22: =CAD!J24 -> 9 | BC22: =CAD!K24 -> FAIL | BD22: =CAREER!E24 -> 0 | BE22: =CAREER!G24 -> 0 | BF22: =CAREER!H24 -> 0 | BG22: =CAREER!I24 -> 2 | BH22: =CAREER!J24 -> 9 | BI22: =CAREER!K24 -> FAIL | BJ22: =FANTE!E24 -> 0 | BK22: =FANTE!G24 -> 0 | BL22: =FANTE!H24 -> 0 | BM22: =FANTE!I24 -> 2 | BN22: =FANTE!J24 -> 9 | BO22: =FANTE!K24 -> FAIL | BP22: =P22+V22+AB22+AH22+AN22+AT22+AZ22+BF22+BL22 -> 178 | BQ22: =_xlfn.RANK.EQ(BP22,$BP$2:$BP$30) & IF(AND(MOD(_xlfn.RANK.EQ(BP22,$BP$2:$BP$30),100)>=11, MOD(_xlfn.RANK.EQ(BP22,$BP$2:$BP$30),100)<=13), "th", CHOOSE(MOD(_xlfn.RANK.EQ(BP22,$BP$2:$BP$30),10)+1, "th","st","nd","rd","th","th","th","th","th","th")) -> 10th | BR22: =VLOOKUP(BP22,'GRADING SYSTEM'!$A$1:$P$10,2) -> Below average, must buck up. | BS22: =VLOOKUP(BP22,'GRADING SYSTEM'!$A$1:$P$10,10) -> Below average, you must work hard. There is the need for parental support. | BT22: =B22 -> MENSAH SHADRACK | BW22: =R22 -> 7 | BX22: =X22 -> 7 | BY22: =AD22 -> 7 | BZ22: =AJ22 -> 7 | CA22: =AP22 -> 9 | CB22: =AV22 -> 9 | CC22: =CAD!J24 -> 9 | CD22: =BH22 -> 9 | CE22: =BN22 -> 9 | CF22: =SUM((SMALL(BW22:CE22,{1,2,3,5,5,6}))) -> 48 | CG22: 2025/26 | CH22: Shows enthusiasm for learning | CI22: Photography | CJ22: =B22 -> MENSAH SHADRACK | CN22: √ | CQ22: √ | CS22: √ | CX22: √ | DB22: √ | DG22: √
A23: ='Info List'!A24 -> BHS9022 | B23: ='Info List'!B24 -> OFORI RODLYNE NANA ADOMA | C23: ='Info List'!C24 -> 9 | D23: ='Info List'!$D$3 -> 29 | E23: ONE | F23: 0 | G23: 0 | H23: 0 | I23: 0 | J23: 0 | K23: =SUM(F23:J23) -> 0 | L23: ='Info List'!F24 -> 0 | M23: ='Info List'!$G$3 -> 0 | N23: =ENGLISH!E25 -> 45 | O23: =ENGLISH!G25 -> 0 | P23: =ENGLISH!H25 -> 45 | Q23: =ENGLISH!I25 -> 9 | R23: =ENGLISH!J25 -> 6 | S23: =ENGLISH!K25 -> LOW AVERAGE | T23: =MATHS!E25 -> 45 | U23: =MATHS!G25 -> 0 | V23: =MATHS!H25 -> 45 | W23: =MATHS!I25 -> 9 | X23: =MATHS!J25 -> 6 | Y23: =MATHS!K25 -> LOW AVERAGE | Z23: =SCIENCE!E25 -> 45 | AA23: =SCIENCE!G25 -> 0 | AB23: =SCIENCE!H25 -> 45 | AC23: =SCIENCE!I25 -> 9 | AD23: =SCIENCE!J25 -> 6 | AE23: =SCIENCE!K25 -> LOW AVERAGE | AF23: =SOCIAL!E25 -> 45 | AG23: =SOCIAL!G25 -> 0 | AH23: =SOCIAL!H25 -> 45 | AI23: =SOCIAL!I25 -> 9 | AJ23: =SOCIAL!J25 -> 6 | AK23: =SOCIAL!K25 -> LOW AVERAGE | AL23: ='R.M.E'!E25 -> 0 | AM23: ='R.M.E'!G25 -> 0 | AN23: ='R.M.E'!H25 -> 0 | AO23: ='R.M.E'!I25 -> 2 | AP23: ='R.M.E'!J25 -> 9 | AQ23: ='R.M.E'!K25 -> FAIL | AR23: =COMPUTING!E25 -> 0 | AS23: =COMPUTING!G25 -> 0 | AT23: =COMPUTING!H25 -> 0 | AU23: =COMPUTING!I25 -> 2 | AV23: =COMPUTING!J25 -> 9 | AW23: =COMPUTING!K25 -> FAIL | AX23: =CAD!E25 -> 0 | AY23: =CAD!G25 -> 0 | AZ23: =CAD!H25 -> 0 | BA23: =CAD!I25 -> 2 | BB23: =CAD!J25 -> 9 | BC23: =CAD!K25 -> FAIL | BD23: =CAREER!E25 -> 0 | BE23: =CAREER!G25 -> 0 | BF23: =CAREER!H25 -> 0 | BG23: =CAREER!I25 -> 2 | BH23: =CAREER!J25 -> 9 | BI23: =CAREER!K25 -> FAIL | BJ23: =FANTE!E25 -> 0 | BK23: =FANTE!G25 -> 0 | BL23: =FANTE!H25 -> 0 | BM23: =FANTE!I25 -> 2 | BN23: =FANTE!J25 -> 9 | BO23: =FANTE!K25 -> FAIL | BP23: =P23+V23+AB23+AH23+AN23+AT23+AZ23+BF23+BL23 -> 180 | BQ23: =_xlfn.RANK.EQ(BP23,$BP$2:$BP$30) & IF(AND(MOD(_xlfn.RANK.EQ(BP23,$BP$2:$BP$30),100)>=11, MOD(_xlfn.RANK.EQ(BP23,$BP$2:$BP$30),100)<=13), "th", CHOOSE(MOD(_xlfn.RANK.EQ(BP23,$BP$2:$BP$30),10)+1, "th","st","nd","rd","th","th","th","th","th","th")) -> 9th | BR23: =VLOOKUP(BP23,'GRADING SYSTEM'!$A$1:$P$10,2) -> Below average, must buck up. | BS23: =VLOOKUP(BP23,'GRADING SYSTEM'!$A$1:$P$10,10) -> Below average, you must work hard. There is the need for parental support. | BT23: =B23 -> OFORI RODLYNE NANA ADOMA | BW23: =R23 -> 6 | BX23: =X23 -> 6 | BY23: =AD23 -> 6 | BZ23: =AJ23 -> 6 | CA23: =AP23 -> 9 | CB23: =AV23 -> 9 | CC23: =CAD!J25 -> 9 | CD23: =BH23 -> 9 | CE23: =BN23 -> 9 | CF23: =SUM((SMALL(BW23:CE23,{1,2,3,5,5,6}))) -> 45 | CG23: 2025/26 | CH23: Tolerant and patient | CI23: Gardening | CJ23: =B23 -> OFORI RODLYNE NANA ADOMA | CN23: √ | CQ23: √ | CS23: √ | CX23: √ | DB23: √ | DG23: √
A24: ='Info List'!A25 -> BHS9023 | B24: ='Info List'!B25 -> OPOKU JOEL ODURO SARPONG | C24: ='Info List'!C25 -> 9 | D24: ='Info List'!$D$3 -> 29 | E24: ONE | F24: 0 | G24: 0 | H24: 0 | I24: 0 | J24: 0 | K24: =SUM(F24:J24) -> 0 | L24: ='Info List'!F25 -> 0 | M24: ='Info List'!$G$3 -> 0 | N24: =ENGLISH!E26 -> 45.5 | O24: =ENGLISH!G26 -> 0 | P24: =ENGLISH!H26 -> 45.5 | Q24: =ENGLISH!I26 -> 8 | R24: =ENGLISH!J26 -> 6 | S24: =ENGLISH!K26 -> LOW AVERAGE | T24: =MATHS!E26 -> 45.5 | U24: =MATHS!G26 -> 0 | V24: =MATHS!H26 -> 45.5 | W24: =MATHS!I26 -> 8 | X24: =MATHS!J26 -> 6 | Y24: =MATHS!K26 -> LOW AVERAGE | Z24: =SCIENCE!E26 -> 45.5 | AA24: =SCIENCE!G26 -> 0 | AB24: =SCIENCE!H26 -> 45.5 | AC24: =SCIENCE!I26 -> 8 | AD24: =SCIENCE!J26 -> 6 | AE24: =SCIENCE!K26 -> LOW AVERAGE | AF24: =SOCIAL!E26 -> 45.5 | AG24: =SOCIAL!G26 -> 0 | AH24: =SOCIAL!H26 -> 45.5 | AI24: =SOCIAL!I26 -> 8 | AJ24: =SOCIAL!J26 -> 6 | AK24: =SOCIAL!K26 -> LOW AVERAGE | AL24: ='R.M.E'!E26 -> 0 | AM24: ='R.M.E'!G26 -> 0 | AN24: ='R.M.E'!H26 -> 0 | AO24: ='R.M.E'!I26 -> 2 | AP24: ='R.M.E'!J26 -> 9 | AQ24: ='R.M.E'!K26 -> FAIL | AR24: =COMPUTING!E26 -> 0 | AS24: =COMPUTING!G26 -> 0 | AT24: =COMPUTING!H26 -> 0 | AU24: =COMPUTING!I26 -> 2 | AV24: =COMPUTING!J26 -> 9 | AW24: =COMPUTING!K26 -> FAIL | AX24: =CAD!E26 -> 0 | AY24: =CAD!G26 -> 0 | AZ24: =CAD!H26 -> 0 | BA24: =CAD!I26 -> 2 | BB24: =CAD!J26 -> 9 | BC24: =CAD!K26 -> FAIL | BD24: =CAREER!E26 -> 0 | BE24: =CAREER!G26 -> 0 | BF24: =CAREER!H26 -> 0 | BG24: =CAREER!I26 -> 2 | BH24: =CAREER!J26 -> 9 | BI24: =CAREER!K26 -> FAIL | BJ24: =FANTE!E26 -> 0 | BK24: =FANTE!G26 -> 0 | BL24: =FANTE!H26 -> 0 | BM24: =FANTE!I26 -> 2 | BN24: =FANTE!J26 -> 9 | BO24: =FANTE!K26 -> FAIL | BP24: =P24+V24+AB24+AH24+AN24+AT24+AZ24+BF24+BL24 -> 182 | BQ24: =_xlfn.RANK.EQ(BP24,$BP$2:$BP$30) & IF(AND(MOD(_xlfn.RANK.EQ(BP24,$BP$2:$BP$30),100)>=11, MOD(_xlfn.RANK.EQ(BP24,$BP$2:$BP$30),100)<=13), "th", CHOOSE(MOD(_xlfn.RANK.EQ(BP24,$BP$2:$BP$30),10)+1, "th","st","nd","rd","th","th","th","th","th","th")) -> 8th | BR24: =VLOOKUP(BP24,'GRADING SYSTEM'!$A$1:$P$10,2) -> Below average, must buck up. | BS24: =VLOOKUP(BP24,'GRADING SYSTEM'!$A$1:$P$10,10) -> Below average, you must work hard. There is the need for parental support. | BT24: =B24 -> OPOKU JOEL ODURO SARPONG | BW24: =R24 -> 6 | BX24: =X24 -> 6 | BY24: =AD24 -> 6 | BZ24: =AJ24 -> 6 | CA24: =AP24 -> 9 | CB24: =AV24 -> 9 | CC24: =CAD!J26 -> 9 | CD24: =BH24 -> 9 | CE24: =BN24 -> 9 | CF24: =SUM((SMALL(BW24:CE24,{1,2,3,5,5,6}))) -> 45 | CG24: 2025/26 | CH24: Pays attention in class | CI24: Craft making | CJ24: =B24 -> OPOKU JOEL ODURO SARPONG | CN24: √ | CQ24: √ | CS24: √ | CX24: √ | DB24: √ | DG24: √
A25: ='Info List'!A26 -> BHS9024 | B25: ='Info List'!B26 -> OPPONG NHYIRABA | C25: ='Info List'!C26 -> 9 | D25: ='Info List'!$D$3 -> 29 | E25: ONE | F25: 0 | G25: 0 | H25: 0 | I25: 0 | J25: 0 | K25: =SUM(F25:J25) -> 0 | L25: ='Info List'!F26 -> 0 | M25: ='Info List'!$G$3 -> 0 | N25: =ENGLISH!E27 -> 46 | O25: =ENGLISH!G27 -> 0 | P25: =ENGLISH!H27 -> 46 | Q25: =ENGLISH!I27 -> 7 | R25: =ENGLISH!J27 -> 6 | S25: =ENGLISH!K27 -> LOW AVERAGE | T25: =MATHS!E27 -> 46 | U25: =MATHS!G27 -> 0 | V25: =MATHS!H27 -> 46 | W25: =MATHS!I27 -> 7 | X25: =MATHS!J27 -> 6 | Y25: =MATHS!K27 -> LOW AVERAGE | Z25: =SCIENCE!E27 -> 46 | AA25: =SCIENCE!G27 -> 0 | AB25: =SCIENCE!H27 -> 46 | AC25: =SCIENCE!I27 -> 7 | AD25: =SCIENCE!J27 -> 6 | AE25: =SCIENCE!K27 -> LOW AVERAGE | AF25: =SOCIAL!E27 -> 46 | AG25: =SOCIAL!G27 -> 0 | AH25: =SOCIAL!H27 -> 46 | AI25: =SOCIAL!I27 -> 7 | AJ25: =SOCIAL!J27 -> 6 | AK25: =SOCIAL!K27 -> LOW AVERAGE | AL25: ='R.M.E'!E27 -> 0 | AM25: ='R.M.E'!G27 -> 0 | AN25: ='R.M.E'!H27 -> 0 | AO25: ='R.M.E'!I27 -> 2 | AP25: ='R.M.E'!J27 -> 9 | AQ25: ='R.M.E'!K27 -> FAIL | AR25: =COMPUTING!E27 -> 0 | AS25: =COMPUTING!G27 -> 0 | AT25: =COMPUTING!H27 -> 0 | AU25: =COMPUTING!I27 -> 2 | AV25: =COMPUTING!J27 -> 9 | AW25: =COMPUTING!K27 -> FAIL | AX25: =CAD!E27 -> 0 | AY25: =CAD!G27 -> 0 | AZ25: =CAD!H27 -> 0 | BA25: =CAD!I27 -> 2 | BB25: =CAD!J27 -> 9 | BC25: =CAD!K27 -> FAIL | BD25: =CAREER!E27 -> 0 | BE25: =CAREER!G27 -> 0 | BF25: =CAREER!H27 -> 0 | BG25: =CAREER!I27 -> 2 | BH25: =CAREER!J27 -> 9 | BI25: =CAREER!K27 -> FAIL | BJ25: =FANTE!E27 -> 0 | BK25: =FANTE!G27 -> 0 | BL25: =FANTE!H27 -> 0 | BM25: =FANTE!I27 -> 2 | BN25: =FANTE!J27 -> 9 | BO25: =FANTE!K27 -> FAIL | BP25: =P25+V25+AB25+AH25+AN25+AT25+AZ25+BF25+BL25 -> 184 | BQ25: =_xlfn.RANK.EQ(BP25,$BP$2:$BP$30) & IF(AND(MOD(_xlfn.RANK.EQ(BP25,$BP$2:$BP$30),100)>=11, MOD(_xlfn.RANK.EQ(BP25,$BP$2:$BP$30),100)<=13), "th", CHOOSE(MOD(_xlfn.RANK.EQ(BP25,$BP$2:$BP$30),10)+1, "th","st","nd","rd","th","th","th","th","th","th")) -> 7th | BR25: =VLOOKUP(BP25,'GRADING SYSTEM'!$A$1:$P$10,2) -> Below average, must buck up. | BS25: =VLOOKUP(BP25,'GRADING SYSTEM'!$A$1:$P$10,10) -> Below average, you must work hard. There is the need for parental support. | BT25: =B25 -> OPPONG NHYIRABA | BW25: =R25 -> 6 | BX25: =X25 -> 6 | BY25: =AD25 -> 6 | BZ25: =AJ25 -> 6 | CA25: =AP25 -> 9 | CB25: =AV25 -> 9 | CC25: =CAD!J27 -> 9 | CD25: =BH25 -> 9 | CE25: =BN25 -> 9 | CF25: =SUM((SMALL(BW25:CE25,{1,2,3,5,5,6}))) -> 45 | CG25: 2025/26 | CH25: Displays good teamwork skills | CI25: Public speaking | CJ25: =B25 -> OPPONG NHYIRABA | CN25: √ | CQ25: √ | CS25: √ | CX25: √ | DB25: √ | DG25: √
A26: ='Info List'!A27 -> BHS9025 | B26: ='Info List'!B27 -> OPPONG NYAMEBA YAA | C26: ='Info List'!C27 -> 9 | D26: ='Info List'!$D$3 -> 29 | E26: ONE | F26: 0 | G26: 0 | H26: 0 | I26: 0 | J26: 0 | K26: =SUM(F26:J26) -> 0 | L26: ='Info List'!F27 -> 0 | M26: ='Info List'!$G$3 -> 0 | N26: =ENGLISH!E28 -> 46.5 | O26: =ENGLISH!G28 -> 0 | P26: =ENGLISH!H28 -> 46.5 | Q26: =ENGLISH!I28 -> 6 | R26: =ENGLISH!J28 -> 6 | S26: =ENGLISH!K28 -> LOW AVERAGE | T26: =MATHS!E28 -> 46.5 | U26: =MATHS!G28 -> 0 | V26: =MATHS!H28 -> 46.5 | W26: =MATHS!I28 -> 6 | X26: =MATHS!J28 -> 6 | Y26: =MATHS!K28 -> LOW AVERAGE | Z26: =SCIENCE!E28 -> 46.5 | AA26: =SCIENCE!G28 -> 0 | AB26: =SCIENCE!H28 -> 46.5 | AC26: =SCIENCE!I28 -> 6 | AD26: =SCIENCE!J28 -> 6 | AE26: =SCIENCE!K28 -> LOW AVERAGE | AF26: =SOCIAL!E28 -> 46.5 | AG26: =SOCIAL!G28 -> 0 | AH26: =SOCIAL!H28 -> 46.5 | AI26: =SOCIAL!I28 -> 6 | AJ26: =SOCIAL!J28 -> 6 | AK26: =SOCIAL!K28 -> LOW AVERAGE | AL26: ='R.M.E'!E28 -> 0 | AM26: ='R.M.E'!G28 -> 0 | AN26: ='R.M.E'!H28 -> 0 | AO26: ='R.M.E'!I28 -> 2 | AP26: ='R.M.E'!J28 -> 9 | AQ26: ='R.M.E'!K28 -> FAIL | AR26: =COMPUTING!E28 -> 0 | AS26: =COMPUTING!G28 -> 0 | AT26: =COMPUTING!H28 -> 0 | AU26: =COMPUTING!I28 -> 2 | AV26: =COMPUTING!J28 -> 9 | AW26: =COMPUTING!K28 -> FAIL | AX26: =CAD!E28 -> 0 | AY26: =CAD!G28 -> 0 | AZ26: =CAD!H28 -> 0 | BA26: =CAD!I28 -> 2 | BB26: =CAD!J28 -> 9 | BC26: =CAD!K28 -> FAIL | BD26: =CAREER!E28 -> 0 | BE26: =CAREER!G28 -> 0 | BF26: =CAREER!H28 -> 0 | BG26: =CAREER!I28 -> 2 | BH26: =CAREER!J28 -> 9 | BI26: =CAREER!K28 -> FAIL | BJ26: =FANTE!E28 -> 0 | BK26: =FANTE!G28 -> 0 | BL26: =FANTE!H28 -> 0 | BM26: =FANTE!I28 -> 2 | BN26: =FANTE!J28 -> 9 | BO26: =FANTE!K28 -> FAIL | BP26: =P26+V26+AB26+AH26+AN26+AT26+AZ26+BF26+BL26 -> 186 | BQ26: =_xlfn.RANK.EQ(BP26,$BP$2:$BP$30) & IF(AND(MOD(_xlfn.RANK.EQ(BP26,$BP$2:$BP$30),100)>=11, MOD(_xlfn.RANK.EQ(BP26,$BP$2:$BP$30),100)<=13), "th", CHOOSE(MOD(_xlfn.RANK.EQ(BP26,$BP$2:$BP$30),10)+1, "th","st","nd","rd","th","th","th","th","th","th")) -> 6th | BR26: =VLOOKUP(BP26,'GRADING SYSTEM'!$A$1:$P$10,2) -> Below average, must buck up. | BS26: =VLOOKUP(BP26,'GRADING SYSTEM'!$A$1:$P$10,10) -> Below average, you must work hard. There is the need for parental support. | BT26: =B26 -> OPPONG NYAMEBA YAA | BW26: =R26 -> 6 | BX26: =X26 -> 6 | BY26: =AD26 -> 6 | BZ26: =AJ26 -> 6 | CA26: =AP26 -> 9 | CB26: =AV26 -> 9 | CC26: =CAD!J28 -> 9 | CD26: =BH26 -> 9 | CE26: =BN26 -> 9 | CF26: =SUM((SMALL(BW26:CE26,{1,2,3,5,5,6}))) -> 45 | CG26: 2025/26 | CH26: Shows perseverance in tasks | CI26: Exploring nature | CJ26: =B26 -> OPPONG NYAMEBA YAA | CN26: √ | CQ26: √ | CS26: √ | CX26: √ | DB26: √ | DG26: √
A27: ='Info List'!A28 -> BHS9026 | B27: ='Info List'!B28 -> QUARCOO JESSICA | C27: ='Info List'!C28 -> 9 | D27: ='Info List'!$D$3 -> 29 | E27: ONE | F27: 0 | G27: 0 | H27: 0 | I27: 0 | J27: 0 | K27: =SUM(F27:J27) -> 0 | L27: ='Info List'!F28 -> 0 | M27: ='Info List'!$G$3 -> 0 | N27: =ENGLISH!E29 -> 47 | O27: =ENGLISH!G29 -> 0 | P27: =ENGLISH!H29 -> 47 | Q27: =ENGLISH!I29 -> 5 | R27: =ENGLISH!J29 -> 6 | S27: =ENGLISH!K29 -> LOW AVERAGE | T27: =MATHS!E29 -> 47 | U27: =MATHS!G29 -> 0 | V27: =MATHS!H29 -> 47 | W27: =MATHS!I29 -> 5 | X27: =MATHS!J29 -> 6 | Y27: =MATHS!K29 -> LOW AVERAGE | Z27: =SCIENCE!E29 -> 47 | AA27: =SCIENCE!G29 -> 0 | AB27: =SCIENCE!H29 -> 47 | AC27: =SCIENCE!I29 -> 5 | AD27: =SCIENCE!J29 -> 6 | AE27: =SCIENCE!K29 -> LOW AVERAGE | AF27: =SOCIAL!E29 -> 47 | AG27: =SOCIAL!G29 -> 0 | AH27: =SOCIAL!H29 -> 47 | AI27: =SOCIAL!I29 -> 5 | AJ27: =SOCIAL!J29 -> 6 | AK27: =SOCIAL!K29 -> LOW AVERAGE | AL27: ='R.M.E'!E29 -> 0 | AM27: ='R.M.E'!G29 -> 0 | AN27: ='R.M.E'!H29 -> 0 | AO27: ='R.M.E'!I29 -> 2 | AP27: ='R.M.E'!J29 -> 9 | AQ27: ='R.M.E'!K29 -> FAIL | AR27: =COMPUTING!E29 -> 0 | AS27: =COMPUTING!G29 -> 0 | AT27: =COMPUTING!H29 -> 0 | AU27: =COMPUTING!I29 -> 2 | AV27: =COMPUTING!J29 -> 9 | AW27: =COMPUTING!K29 -> FAIL | AX27: =CAD!E29 -> 0 | AY27: =CAD!G29 -> 0 | AZ27: =CAD!H29 -> 0 | BA27: =CAD!I29 -> 2 | BB27: =CAD!J29 -> 9 | BC27: =CAD!K29 -> FAIL | BD27: =CAREER!E29 -> 0 | BE27: =CAREER!G29 -> 0 | BF27: =CAREER!H29 -> 0 | BG27: =CAREER!I29 -> 2 | BH27: =CAREER!J29 -> 9 | BI27: =CAREER!K29 -> FAIL | BJ27: =FANTE!E29 -> 0 | BK27: =FANTE!G29 -> 0 | BL27: =FANTE!H29 -> 0 | BM27: =FANTE!I29 -> 2 | BN27: =FANTE!J29 -> 9 | BO27: =FANTE!K29 -> FAIL | BP27: =P27+V27+AB27+AH27+AN27+AT27+AZ27+BF27+BL27 -> 188 | BQ27: =_xlfn.RANK.EQ(BP27,$BP$2:$BP$30) & IF(AND(MOD(_xlfn.RANK.EQ(BP27,$BP$2:$BP$30),100)>=11, MOD(_xlfn.RANK.EQ(BP27,$BP$2:$BP$30),100)<=13), "th", CHOOSE(MOD(_xlfn.RANK.EQ(BP27,$BP$2:$BP$30),10)+1, "th","st","nd","rd","th","th","th","th","th","th")) -> 5th | BR27: =VLOOKUP(BP27,'GRADING SYSTEM'!$A$1:$P$10,2) -> Below average, must buck up. | BS27: =VLOOKUP(BP27,'GRADING SYSTEM'!$A$1:$P$10,10) -> Below average, you must work hard. There is the need for parental support. | BT27: =B27 -> QUARCOO JESSICA | BW27: =R27 -> 6 | BX27: =X27 -> 6 | BY27: =AD27 -> 6 | BZ27: =AJ27 -> 6 | CA27: =AP27 -> 9 | CB27: =AV27 -> 9 | CC27: =CAD!J29 -> 9 | CD27: =BH27 -> 9 | CE27: =BN27 -> 9 | CF27: =SUM((SMALL(BW27:CE27,{1,2,3,5,5,6}))) -> 45 | CG27: 2025/26 | CH27: Demonstrates good self control | CI27: Chess | CJ27: =B27 -> QUARCOO JESSICA | CN27: √ | CQ27: √ | CS27: √ | CX27: √ | DB27: √ | DG27: √
A28: ='Info List'!A29 -> BHS9027 | B28: ='Info List'!B29 -> GAKPETOR ISAIAH | C28: ='Info List'!C29 -> 9 | D28: ='Info List'!$D$3 -> 29 | E28: ONE | F28: 0 | G28: 0 | H28: 0 | I28: 0 | J28: 0 | K28: =SUM(F28:J28) -> 0 | L28: ='Info List'!F29 -> 0 | M28: ='Info List'!$G$3 -> 0 | N28: =ENGLISH!E30 -> 47.5 | O28: =ENGLISH!G30 -> 0 | P28: =ENGLISH!H30 -> 47.5 | Q28: =ENGLISH!I30 -> 4 | R28: =ENGLISH!J30 -> 6 | S28: =ENGLISH!K30 -> LOW AVERAGE | T28: =MATHS!E30 -> 47.5 | U28: =MATHS!G30 -> 0 | V28: =MATHS!H30 -> 47.5 | W28: =MATHS!I30 -> 4 | X28: =MATHS!J30 -> 6 | Y28: =MATHS!K30 -> LOW AVERAGE | Z28: =SCIENCE!E30 -> 47.5 | AA28: =SCIENCE!G30 -> 0 | AB28: =SCIENCE!H30 -> 47.5 | AC28: =SCIENCE!I30 -> 4 | AD28: =SCIENCE!J30 -> 6 | AE28: =SCIENCE!K30 -> LOW AVERAGE | AF28: =SOCIAL!E30 -> 47.5 | AG28: =SOCIAL!G30 -> 0 | AH28: =SOCIAL!H30 -> 47.5 | AI28: =SOCIAL!I30 -> 4 | AJ28: =SOCIAL!J30 -> 6 | AK28: =SOCIAL!K30 -> LOW AVERAGE | AL28: ='R.M.E'!E30 -> 0 | AM28: ='R.M.E'!G30 -> 0 | AN28: ='R.M.E'!H30 -> 0 | AO28: ='R.M.E'!I30 -> 2 | AP28: ='R.M.E'!J30 -> 9 | AQ28: ='R.M.E'!K30 -> FAIL | AR28: =COMPUTING!E30 -> 0 | AS28: =COMPUTING!G30 -> 0 | AT28: =COMPUTING!H30 -> 0 | AU28: =COMPUTING!I30 -> 2 | AV28: =COMPUTING!J30 -> 9 | AW28: =COMPUTING!K30 -> FAIL | AX28: =CAD!E30 -> 0 | AY28: =CAD!G30 -> 0 | AZ28: =CAD!H30 -> 0 | BA28: =CAD!I30 -> 2 | BB28: =CAD!J30 -> 9 | BC28: =CAD!K30 -> FAIL | BD28: =CAREER!E30 -> 0 | BE28: =CAREER!G30 -> 0 | BF28: =CAREER!H30 -> 0 | BG28: =CAREER!I30 -> 2 | BH28: =CAREER!J30 -> 9 | BI28: =CAREER!K30 -> FAIL | BJ28: =FANTE!E30 -> 0 | BK28: =FANTE!G30 -> 0 | BL28: =FANTE!H30 -> 0 | BM28: =FANTE!I30 -> 2 | BN28: =FANTE!J30 -> 9 | BO28: =FANTE!K30 -> FAIL | BP28: =P28+V28+AB28+AH28+AN28+AT28+AZ28+BF28+BL28 -> 190 | BQ28: =_xlfn.RANK.EQ(BP28,$BP$2:$BP$30) & IF(AND(MOD(_xlfn.RANK.EQ(BP28,$BP$2:$BP$30),100)>=11, MOD(_xlfn.RANK.EQ(BP28,$BP$2:$BP$30),100)<=13), "th", CHOOSE(MOD(_xlfn.RANK.EQ(BP28,$BP$2:$BP$30),10)+1, "th","st","nd","rd","th","th","th","th","th","th")) -> 4th | BR28: =VLOOKUP(BP28,'GRADING SYSTEM'!$A$1:$P$10,2) -> Below average, must buck up. | BS28: =VLOOKUP(BP28,'GRADING SYSTEM'!$A$1:$P$10,10) -> Below average, you must work hard. There is the need for parental support. | BT28: =B28 -> GAKPETOR ISAIAH | BW28: =R28 -> 6 | BX28: =X28 -> 6 | BY28: =AD28 -> 6 | BZ28: =AJ28 -> 6 | CA28: =AP28 -> 9 | CB28: =AV28 -> 9 | CC28: =CAD!J30 -> 9 | CD28: =BH28 -> 9 | CE28: =BN28 -> 9 | CF28: =SUM((SMALL(BW28:CE28,{1,2,3,5,5,6}))) -> 45 | CG28: 2025/26 | CH28: Eager to help classmates | CI28: Robotics | CJ28: =B28 -> GAKPETOR ISAIAH | CN28: √ | CQ28: √ | CS28: √ | CX28: √ | DB28: √ | DG28: √
A29: ='Info List'!A30 -> BHS9028 | B29: ='Info List'!B30 -> SUDAIS ABDUL RAHMAN MUSA | C29: ='Info List'!C30 -> 9 | D29: ='Info List'!$D$3 -> 29 | E29: ONE | F29: 0 | G29: 0 | H29: 0 | I29: 0 | J29: 0 | K29: =SUM(F29:J29) -> 0 | L29: ='Info List'!F30 -> 0 | M29: ='Info List'!$G$3 -> 0 | N29: =ENGLISH!E31 -> 48 | O29: =ENGLISH!G31 -> 0 | P29: =ENGLISH!H31 -> 48 | Q29: =ENGLISH!I31 -> 3 | R29: =ENGLISH!J31 -> 6 | S29: =ENGLISH!K31 -> LOW AVERAGE | T29: =MATHS!E31 -> 48 | U29: =MATHS!G31 -> 0 | V29: =MATHS!H31 -> 48 | W29: =MATHS!I31 -> 3 | X29: =MATHS!J31 -> 6 | Y29: =MATHS!K31 -> LOW AVERAGE | Z29: =SCIENCE!E31 -> 48 | AA29: =SCIENCE!G31 -> 0 | AB29: =SCIENCE!H31 -> 48 | AC29: =SCIENCE!I31 -> 3 | AD29: =SCIENCE!J31 -> 6 | AE29: =SCIENCE!K31 -> LOW AVERAGE | AF29: =SOCIAL!E31 -> 48 | AG29: =SOCIAL!G31 -> 0 | AH29: =SOCIAL!H31 -> 48 | AI29: =SOCIAL!I31 -> 3 | AJ29: =SOCIAL!J31 -> 6 | AK29: =SOCIAL!K31 -> LOW AVERAGE | AL29: ='R.M.E'!E31 -> 0 | AM29: ='R.M.E'!G31 -> 0 | AN29: ='R.M.E'!H31 -> 0 | AO29: ='R.M.E'!I31 -> 2 | AP29: ='R.M.E'!J31 -> 9 | AQ29: ='R.M.E'!K31 -> FAIL | AR29: =COMPUTING!E31 -> 0 | AS29: =COMPUTING!G31 -> 0 | AT29: =COMPUTING!H31 -> 0 | AU29: =COMPUTING!I31 -> 2 | AV29: =COMPUTING!J31 -> 9 | AW29: =COMPUTING!K31 -> FAIL | AX29: =CAD!E31 -> 0 | AY29: =CAD!G31 -> 0 | AZ29: =CAD!H31 -> 0 | BA29: =CAD!I31 -> 2 | BB29: =CAD!J31 -> 9 | BC29: =CAD!K31 -> FAIL | BD29: =CAREER!E31 -> 0 | BE29: =CAREER!G31 -> 0 | BF29: =CAREER!H31 -> 0 | BG29: =CAREER!I31 -> 2 | BH29: =CAREER!J31 -> 9 | BI29: =CAREER!K31 -> FAIL | BJ29: =FANTE!E31 -> 0 | BK29: =FANTE!G31 -> 0 | BL29: =FANTE!H31 -> 0 | BM29: =FANTE!I31 -> 2 | BN29: =FANTE!J31 -> 9 | BO29: =FANTE!K31 -> FAIL | BP29: =P29+V29+AB29+AH29+AN29+AT29+AZ29+BF29+BL29 -> 192 | BQ29: =_xlfn.RANK.EQ(BP29,$BP$2:$BP$30) & IF(AND(MOD(_xlfn.RANK.EQ(BP29,$BP$2:$BP$30),100)>=11, MOD(_xlfn.RANK.EQ(BP29,$BP$2:$BP$30),100)<=13), "th", CHOOSE(MOD(_xlfn.RANK.EQ(BP29,$BP$2:$BP$30),10)+1, "th","st","nd","rd","th","th","th","th","th","th")) -> 3rd | BR29: =VLOOKUP(BP29,'GRADING SYSTEM'!$A$1:$P$10,2) -> Below average, must buck up. | BS29: =VLOOKUP(BP29,'GRADING SYSTEM'!$A$1:$P$10,10) -> Below average, you must work hard. There is the need for parental support. | BT29: =B29 -> SUDAIS ABDUL RAHMAN MUSA | BW29: =R29 -> 6 | BX29: =X29 -> 6 | BY29: =AD29 -> 6 | BZ29: =AJ29 -> 6 | CA29: =AP29 -> 9 | CB29: =AV29 -> 9 | CC29: =CAD!J31 -> 9 | CD29: =BH29 -> 9 | CE29: =BN29 -> 9 | CF29: =SUM((SMALL(BW29:CE29,{1,2,3,5,5,6}))) -> 45 | CG29: 2025/26 | CH29: Approaches tasks seriously | CI29: Sewing and design | CJ29: =B29 -> SUDAIS ABDUL RAHMAN MUSA | CN29: √ | CQ29: √ | CS29: √ | CX29: √ | DB29: √ | DG29: √
A30: ='Info List'!A31 -> BHS9029 | B30: ='Info List'!B31 -> YEVAKPOR SYLVIA EYRAM | C30: ='Info List'!C31 -> 9 | D30: ='Info List'!$D$3 -> 29 | E30: ONE | F30: 0 | G30: 0 | H30: 0 | I30: 0 | J30: 0 | K30: =SUM(F30:J30) -> 0 | L30: ='Info List'!F31 -> 0 | M30: ='Info List'!$G$3 -> 0 | N30: =ENGLISH!E32 -> 48.5 | O30: =ENGLISH!G32 -> 0 | P30: =ENGLISH!H32 -> 48.5 | Q30: =ENGLISH!I32 -> 2 | R30: =ENGLISH!J32 -> 6 | S30: =ENGLISH!K32 -> LOW AVERAGE | T30: =MATHS!E32 -> 48.5 | U30: =MATHS!G32 -> 0 | V30: =MATHS!H32 -> 48.5 | W30: =MATHS!I32 -> 2 | X30: =MATHS!J32 -> 6 | Y30: =MATHS!K32 -> LOW AVERAGE | Z30: =SCIENCE!E32 -> 48.5 | AA30: =SCIENCE!G32 -> 0 | AB30: =SCIENCE!H32 -> 48.5 | AC30: =SCIENCE!I32 -> 2 | AD30: =SCIENCE!J32 -> 6 | AE30: =SCIENCE!K32 -> LOW AVERAGE | AF30: =SOCIAL!E32 -> 48.5 | AG30: =SOCIAL!G32 -> 0 | AH30: =SOCIAL!H32 -> 48.5 | AI30: =SOCIAL!I32 -> 2 | AJ30: =SOCIAL!J32 -> 6 | AK30: =SOCIAL!K32 -> LOW AVERAGE | AL30: ='R.M.E'!E32 -> 0 | AM30: ='R.M.E'!G32 -> 0 | AN30: ='R.M.E'!H32 -> 0 | AO30: ='R.M.E'!I32 -> 2 | AP30: ='R.M.E'!J32 -> 9 | AQ30: ='R.M.E'!K32 -> FAIL | AR30: =COMPUTING!E32 -> 0 | AS30: =COMPUTING!G32 -> 0 | AT30: =COMPUTING!H32 -> 0 | AU30: =COMPUTING!I32 -> 2 | AV30: =COMPUTING!J32 -> 9 | AW30: =COMPUTING!K32 -> FAIL | AX30: =CAD!E32 -> 0 | AY30: =CAD!G32 -> 0 | AZ30: =CAD!H32 -> 0 | BA30: =CAD!I32 -> 2 | BB30: =CAD!J32 -> 9 | BC30: =CAD!K32 -> FAIL | BD30: =CAREER!E32 -> 0 | BE30: =CAREER!G32 -> 0 | BF30: =CAREER!H32 -> 0 | BG30: =CAREER!I32 -> 2 | BH30: =CAREER!J32 -> 9 | BI30: =CAREER!K32 -> FAIL | BJ30: =FANTE!E32 -> 0 | BK30: =FANTE!G32 -> 0 | BL30: =FANTE!H32 -> 0 | BM30: =FANTE!I32 -> 2 | BN30: =FANTE!J32 -> 9 | BO30: =FANTE!K32 -> FAIL | BP30: =P30+V30+AB30+AH30+AN30+AT30+AZ30+BF30+BL30 -> 194 | BQ30: =_xlfn.RANK.EQ(BP30,$BP$2:$BP$30) & IF(AND(MOD(_xlfn.RANK.EQ(BP30,$BP$2:$BP$30),100)>=11, MOD(_xlfn.RANK.EQ(BP30,$BP$2:$BP$30),100)<=13), "th", CHOOSE(MOD(_xlfn.RANK.EQ(BP30,$BP$2:$BP$30),10)+1, "th","st","nd","rd","th","th","th","th","th","th")) -> 2nd | BR30: =VLOOKUP(BP30,'GRADING SYSTEM'!$A$1:$P$10,2) -> Below average, must buck up. | BS30: =VLOOKUP(BP30,'GRADING SYSTEM'!$A$1:$P$10,10) -> Below average, you must work hard. There is the need for parental support. | BT30: =B30 -> YEVAKPOR SYLVIA EYRAM | BW30: =R30 -> 6 | BX30: =X30 -> 6 | BY30: =AD30 -> 6 | BZ30: =AJ30 -> 6 | CA30: =AP30 -> 9 | CB30: =AV30 -> 9 | CC30: =CAD!J32 -> 9 | CD30: =BH30 -> 9 | CE30: =BN30 -> 9 | CF30: =SUM((SMALL(BW30:CE30,{1,2,3,5,5,6}))) -> 45 | CG30: 2025/26 | CH30: Shows maturity and good judgement | CI30: Poetry recital | CJ30: =B30 -> YEVAKPOR SYLVIA EYRAM | CN30: √ | CQ30: √ | CS30: √ | CX30: √ | DB30: √ | DG30: √

Sheet Sheet1
B1: BLESSED HOME ACADEMY Post Office Box 24, Kasoa – Central Region. Email: blessedhomeacademy@yahoo.com
B2: STUDENT ACADEMIC REPORT
B3: NAME | H3: AGE
B4: SECTION | D4: YEAR | F4: AGGREGATE | H4: NO. ON ROLL
B5: FORM | D5: TERM | H5: POSITION
B7: S/N | C7: SUBJECT | E7: CLASS SCORE | F7: EXAMS SCORE | G7: TOTAL SCORE | H7: POSITION IN SUBJECT | I7: GRADE | J7: REMARKS
B8: 1
B9: 2
B10: 3
B11: 4
B12: 5
B13: 6
B14: 7
B15: 8
E16: GRAND TOTAL SCORE
B17: ATTENDANCE | E17: OUT OF | H17: PROMOTION
B19: CONDUCT/ATTITUDE
B20: INTEREST
B21: CLASS TEACHER'S REMARKS
B22: HEADMASTER'S REMARKS
B23: CLASS TEACHER'S SIGNATURE
B24: HEADMASTER'S SIGNATURE
